id,place_name,primary_category,category_type,formatted_address,original_lat,original_lon,gt_latitude,gt_longitude,original_error_m,oracle_best_strategy,oracle_best_dist,oracle_blend_dist,pred_lat,pred_lon,pred_error_m,pred_move_m
08f28d5428cd954e0338fdd58d90561a,La Belle Elaine's Bridal,bridal_shop,other,1550 Eastlake Ave E,47.6337251,-122.3253727,47.6336835,-122.3254237,6.000064916984694,nearest_edge,4.384129963486587,0.4108774610721483,47.63368870006718,-122.32538106581099,3.246517264424656,4.095742467039401
08f26e8070c2d6a9033d1fa93bda0a8f,Thunderbowl,beer_bar,other,833 W Choctaw St,35.91416,-94.98192,35.9147205,-94.9848597,271.97521385494883,centroid,9.91894099930581,1.3223525821817872,35.91478679999999,-94.98468499999998,17.374367775729848,258.57522052759157
08f48981360c349403c80ceff2683b6b,Hofbrau RV Park,rv_park,outdoor,102 Alpine Dr,30.4604909,-98.3315032,30.4604909,-98.3315032,0.0,nearest_edge,15.118094554723298,15.118094554723298,30.460428461923705,-98.33144414457313,8.957775651854408,8.957775651854408
08f29a0b5b4a978203d20beb95a197d2,Masterlink Sausage and Meats,butcher_shop,other,327 N State College Blvd,33.8731889,-117.8902723,33.8731126,-117.890328,9.920933522978748,centroid,6.0555599936468365,0.8189724237718707,33.873177791934495,-117.89035155243828,7.5681076434448205,7.42028018967407
08f28f00f3d4b585032f78576978daf6,Additional Self Storage,self_storage_facility,storage,4901 NE Minnehaha St,45.6675478,-122.621135,45.6675084,-122.6210867,5.76889307467888,nearest_edge,0.5109418781689677,0.043092678649357556,45.667496162442546,-122.62107421771887,1.6710584110344653,7.434810473203588
08f26481ac23034303b8ee99d9f1409f,Roam Freely RV Park,campground,outdoor,60 Flatwoods Church Dr,35.8504853,-88.0867,35.8501048,-88.0865458,44.533804606657576,nearest_edge,0.7601160963477994,0.2850132762888382,35.85002321613074,-88.08648215803612,10.733020794843362,55.004876302382755
08f44c1ce96aa98603ccdb7d8cd55adb,ABC Childcare and Learning Center,day_care_preschool,other,2155 Highway 212,33.4623725,-83.9034804,33.4623233,-83.9035944,11.906411990820773,centroid,3.489382027738849,0.4721568497161888,33.462288330799005,-83.90356264042549,4.878468120443838,12.074582708194352
08f44a1b95a4222503b4488015a79425,Camden Doral Apartments,accommodation,lodging,4790 NW 107th Ave,25.8165997,-80.3704694,25.8165985,-80.3705338,6.447618318038047,centroid,1.4763738008534264,0.9831875365469652,25.81658333102306,-80.37046714639771,6.881724785878471,1.8340723705337443
08f446c323aec04203876f8bc173c15e,Floral Supply Syndicate,flowers_and_gifts_shop,other,392 Garden Oaks Blvd,29.8268755,-95.4067417,29.8267615,-95.4068651,17.38928693446624,nearest_edge,13.59324009219601,0.7648109026041813,29.826853849360507,-95.40673340382332,16.335302973207057,2.5369748193327446
08f2a84688d13b5103deb75476e2b8d3,Sweet Hut Chinese Restaurant,asian_fusion_restaurant,other,1000 Park Pl Dr Ste 101,40.2132756,-80.1938409,40.2132807,-80.1938382,0.6116853653737547,nearest_edge,0.7719441942863661,0.4119947772752014,40.213250998607904,-80.19378959532514,5.285946490161744,5.144125764763792
08f44c1a81a3404d03b5bfe9e7747c1a,Express/Atlantic Bail Bonding,bail_bonds_service,other,236 Forsyth St SW,33.7481002807617,-84.3966903686523,33.7481388,-84.3967098,4.644672233120541,centroid,6.770377494248207,0.24295067092579578,33.74814608470081,-84.39670204036007,1.0820571650231967,5.206233372583309
08f2b8da4c86c6c1032b4786938b26e8,"Jewell Transport, Inc.",junk_removal_and_hauling,other,330 River Rd,43.3483126,-72.3870884,43.3490616,-72.386391,100.5803517187207,nearest_edge,5.070047773343946,5.070047773343946,43.349076771103775,-72.38653497600434,11.763387150327722,96.03526739391741
08f446d83255e5560389c6d7914a765e,Farm to Market Produce Company,sandwich_shop,food,128 E Palm St,29.9510923,-96.2555874,29.9511853,-96.2555646,10.571862391342247,centroid,2.20187468769212,0.18475201966592017,29.95116855776059,-96.25557181728664,1.9872742893604336,8.611356857991098
08f48ee62d2d091b03a5bb4b9cfaa3ad,Hidden Oasis,bed_and_breakfast,lodging,1867 N Johnson Rd,32.0302883,-110.0390495,32.0303531,-110.038898,15.996250048345349,centroid,1.3390716052217309,0.3706955113716638,32.030369648874334,-110.03886053549307,3.9823275543237946,19.978305036967924
08f2660ccc7ab24003770ff2c38db1dd,Krispy Krunchy Chicken,fast_food_restaurant,food,620 US Highway 24 W,40.752235,-87.999008,40.7522218,-87.9990375,2.8860323397777656,nearest_edge,1.271637822044113,0.24808455886815534,40.75224555619671,-87.99911537865535,7.071948229725787,9.120837621998426
08f2661a16c4a6de0394c2b997482f2a,Subway,sandwich_shop,food,9210 Rockville Rd,39.7642293,-86.3254779,39.7642437,-86.3254471,3.081295842073661,nearest_edge,6.3463737557574085,0.8692938556008029,39.764260011409824,-86.325440510819,1.899176183904165,4.677068688302655
08f2a931a9d63118036d6d7b8b12453f,Home Emporium,home_goods_store,other,11360 Princeton Pike,39.2848248,-84.4646029,39.2847957,-84.4644795,11.102503915802258,nearest_edge,28.3001349030976,1.9151964806555608,39.2848248,-84.4646029,11.102503915802258,0.0
08f2a339a02ceb7603e502950fefb701,Extra Space Storage,self_storage_facility,storage,122 Allied Dr,42.2260099,-71.1753008,42.2257577,-71.1752445,28.423936251078445,centroid,1.4491678744137584,0.41193119496639685,42.2257428119286,-71.17533682896374,7.780538557997171,29.846639102547076
08f27504da60cd4603c96460b761d69a,"Mini Mobile Cabins, LLC",cabin,lodging,910 4th Ave,45.5265257,-92.0248894,45.5265567,-92.024703,14.924246553001632,centroid,1.4981820263771373,0.28639746275981864,45.52656527344317,-92.02471875420275,1.5540283329916127,14.002816991617483
08f2a956b4c4e0c103e3a35c29a7fd24,Starbucks,coffee_shop,food,"4747 Sawmill Rd (Giant Eagle Mkt-Colum, Bus #6504)",40.0641261,-83.0952985,40.0643801,-83.0954299,30.376575374179318,nearest_edge,9.477528894914116,3.481485307838535,40.064322291145956,-83.0954673758995,7.175710149619177,26.123745799522567
08f446e2248194530328289b55bb672e,Exxpress Mart 24,convenience_store,retail,3025 Highway 96 Byp,30.324578,-94.1665339,30.3244877,-94.1665647,10.467041046323287,nearest_edge,7.744365900594908,0.31601624377861104,30.324529173220903,-94.16656884284126,4.628722985344244,6.3816557041282165
08f26cc55319137503a9f7a7f4ad9e52,Mazzio’s Pizza & Wings,pizza_restaurant,food,1400 W Broadway Ave,34.5067431,-96.9851585,34.5067431,-96.9851585,0.0,centroid,1.0580822046712781,0.25589933629033174,34.506743133096556,-96.9851152537818,3.9627062300020732,3.9627062300020732
08f268cdac9ad71b03c7566f8758d236,Indexed I/O,software_development,other,3457 Ringsby Ct Ste 215,39.7723,-104.982516,39.7723268,-104.9824107,9.479888099306415,nearest_edge,3.442975156151463,0.40970351379656667,39.772317205606726,-104.98245963511808,4.316100452590211,5.183159947062972
08f2664ca94012dc030f63f7e23fe7cb,IMD Guest House Foundation,hotel,lodging,809 S Damen Ave,41.8710987,-87.6756313,41.8710997,-87.6756541,1.8911372630144554,centroid,2.4739461367849636,0.40875614740410265,41.87110189207179,-87.6757143090735,4.991333425273232,6.882402417253303
08f2a31ce8b94cb303eab6152e093fa6,Brasswood Inn,hotel,lodging,174 Commercial St,42.0479825,-70.1898014,42.0480223,-70.1899127,10.2002759367876,centroid,2.1678481592693952,0.24918886223673092,42.0479986603239,-70.18993360724296,3.1448153706563855,11.063468378313809
08f44a829db7442d03c72d9448c9f367,Corey's Bagels On the Beach,bagel_shop,food,692 E Eau Gallie Blvd,28.1388035,-80.5884816,28.1389584,-80.588444,17.614247433259138,nearest_edge,4.477128109040418,0.4913466478499895,28.138918298446303,-80.58843527385766,4.540436325939378,13.549121236917111
08f26628daaa407003ea92bc6480f91b,The Hub,smoothie_juice_bar,other,2505 E Oakland Ave,40.473398,-88.9550856,40.4732582,-88.9549515,19.243559318739585,centroid,5.195824236656163,0.28466800451235297,40.47332385050275,-88.9549661002269,7.403731361500766,13.044335765852034
08f4446366c49561036fa9c50a0ee874,Genia Nicole Photography,professional_services,services,13408 Highway 44,30.2660838,-90.9209659,30.2658406,-90.9208586,28.939491825436967,centroid,3.0330012780211457,0.6802257535637171,30.26587279347096,-90.92088450674817,4.3594723415987975,24.730735799663435
08f4440c1a1854ee0304800dc17e6154,Capital Funeral Home Inc,funeral_services_and_cemeteries,other,3450 North St,30.4533413,-91.1544722,30.4533008,-91.1544762,4.519687199133752,nearest_edge,4.065696917379093,0.411009588561911,30.45329859684913,-91.15450179803585,2.46589270796681,5.531388391633057
08f2a1350025a87303f97d18cee6c9f5,uBreakiFix by Asurion,mobile_phone_repair,other,1293 Lincoln Highway,40.1675061,-74.8952886,40.1675327,-74.8952396,5.107234912826133,nearest_edge,10.5379966056281,0.7443761098383109,40.16761333289812,-74.8952518354625,9.026045177751746,12.32618179252975
08f27418eb6363000337e6f8cbc3c901,Goodwill,discount_store,retail,1151 S Airport Rd W,44.732955,-85.598401,44.7326806,-85.6213848,1815.8037992692452,centroid,4.779414334629016,1.5840409052815094,44.73293278560312,-85.6209767460188,42.723760205562066,1783.3120533315873
08f29a19b28d06000322a7b0198ff445,A a Mini Mart,grocery_store,retail,1601 Centinela Ave,33.9767493,-118.3669817,33.9766981,-118.3670836,10.986396328430159,nearest_edge,3.4257712684803487,0.2999594650437052,33.97669665390664,-118.36710139309928,1.64856337664526,12.49329053074332
08f44cc29ad588eb03c87215681e599e,Elder's Ace Hardware,hardware_store,retail,4200 Highway 2,34.8940804,-84.9482109,34.8941398,-84.9484013,18.578818928933114,centroid,2.7659281439515246,1.2357082936535377,34.89411750823295,-84.94846092829829,5.976550448161451,23.17371363556596
08f4468641964da90370990c3131f372,VisionQuest RTC Lufkin,event_planning,other,3896 FM 2497,31.26139,-94.81876,31.257561,-94.8127505,712.4359133741015,nearest_edge,8.245726767848145,0.5777913884343697,31.257784299999987,-94.8129168,29.434630385234193,685.0025882596461
08f26c8c8d36363503eadc35ea7b5d77,Hills Cafe,cafe,food,204 E California St,33.6240066,-97.1441505,33.6240066,-97.1441505,0.0,nearest_edge,4.629460715626479,0.07351244916007366,33.62396464948527,-97.14411596459313,5.655468752986596,5.655468752986596
08f44e8cc908631a031c4515674b2704,Poplar Point Christian Camp,campground,outdoor,191 Poplar Point Camp Dr,32.9707065,-86.2148021,32.9712983,-86.2144722,72.6459478056756,nearest_edge,17.213499230009077,17.213499230009077,32.97128422691528,-86.21467263905147,18.763573788635103,65.36566002928281
08f2a306631668a303eb5d57a51612a1,Dependable Cleaners,dry_cleaning,other,110 Newbury St,42.3512907,-71.0756928,42.3512897,-71.0757558,5.178294652071671,nearest_edge,0.20060217619074253,0.20060217619074253,42.351255938478985,-71.07575449820831,3.7556337311819883,6.375480834845257
08f288423356c91103ca007f24b8f280,Cafe Rio Fresh Modern Mexican,fast_food_restaurant,food,3243 E Village Dr Ste 100,43.62281,-116.35383,43.6226819,-116.3537442,15.830080192915132,centroid,6.242559141278175,1.1596190358668625,43.62266966556945,-116.353755652233,1.6433153532098186,16.71269999343035
08f444caac6d4822035ee4516f3dab07,El Patio Mexican Grill,mexican_restaurant,food,12758 Mansfield Rd,32.3123109,-93.8298568,32.3122905,-93.8300124,14.797573996751632,centroid,0.8086503297936702,0.171366165442449,32.31227513571425,-93.83003472091568,2.705327448384966,17.186731846760782
08f4451ba27a2663031e322784658ff9,Record Nations,shredding_services,other,5266 Old Highway 11,31.311877,-89.4087539,31.3117074,-89.4090033,30.28204929723958,centroid,4.433250858404138,0.2216442883444354,31.311747376483716,-89.40886317088989,14.034770793118138,17.762517181371066
08f5d11434884420033a0a2d37559cad,Big Island Bakehouse,bakery,food,16-566 Keaau-Pahoa Rd,19.6216604,-155.0389922,19.6216604,-155.0389922,0.0,nearest_edge,22.06354556816215,22.06354556816215,19.621465999999998,-155.03894999999997,22.063545568508644,22.063545568508644
08f2a107289810f60383b811cc101437,"A.E.C. CONSULTING & EXPEDITING, INC.",engineering_services,other,20 Vesey St Ste 909,40.7118667,-74.0096527,40.7120019,-74.0095709,16.539126932034684,nearest_edge,4.979397700861507,0.16583316156183506,40.71199061405165,-74.00958797277167,1.9093347465184354,14.819361525271509
08f2656722980596039857f5c7c1ddfa,Clarks Motel,hotel,lodging,1807 Merriam Ln,39.0495542,-94.6494782,39.0495219,-94.6494755,3.59915609356306,nearest_edge,20.834293328766876,20.834293328766876,39.0497032,-94.6494146,20.834293328766876,17.454610699297966
08f2aa8c7626894b035c8e09f81ccc3f,Don Tigre Mexican Cuisine Bar - Locust Point,mexican_restaurant,food,900 E Fort Ave,39.2715289,-76.6006455,39.2716893,-76.6008675,26.140214800533904,nearest_edge,6.361761694643182,1.0799789720147657,39.27163216892839,-76.60074404437678,12.38127940913625,14.276499584504517
08f2a1055c271aea032bffcbd24fcc4b,Kitchen Fair,home_improvement_store,other,1 De Boer Dr,40.9500947,-74.141723,40.9500967,-74.141731,0.707716474649053,centroid,8.085004209290775,0.6620170350601534,40.950131023132535,-74.14180971913619,7.633657598031339,8.327945430018282
08f2a98ba908c89403ed8847c6c2854b,Rc's Country Store & Fillin' Station,convenience_store,retail,11366 State Highway 1056,37.619687,-82.1671691,37.6196636,-82.1677243,48.96857550122839,nearest_edge,2.1535713668376326,2.1535713668376326,37.61964589043417,-82.1678229566329,8.909558632432343,57.76975335992456
08f2a3361b34453303f40ff4ed3b9e6b,Fish Connection,hunting_and_fishing_supplies,other,127 Route 12,41.4758974,-72.0647736,41.4759396,-72.0645805,16.757746028298815,centroid,1.3337498411940132,0.32376008177485455,41.47594419612716,-72.06459344097902,1.1931236869994526,15.885636366969514
08f2aae16aaae71403352f18ee18d46d,MAR BAR TIRE SERVICE INC,tire_shop,other,4285 HANOVER ROAD,39.802155968849696,-77.09127050656787,39.8022281,-77.0911874,10.711361569639338,centroid,7.802730065374171,0.4210371867536564,39.8021690179409,-77.09115407562592,7.159899314708612,10.051573165372753
08f260e253aa5cf1035e0fb535525c7d,Holiday Inn Express & Suites Omaha-Southwest,hotel,lodging,10729 J St,41.214238,-96.08033,41.2138264,-96.0805821,50.39217099976763,centroid,11.482761334417622,2.0518821936840723,41.21387964923361,-96.08053725846881,7.0091169238876665,43.45481056603398
08f29124cb25b61203735df89b69e4e2,US Navy Enlisted Recruiting,employment_agencies,other,2347 N OXNARD Blvd Ste D,34.2270494,-119.1791746,34.2270494,-119.1791746,0.0,nearest_edge,10.940495005460033,10.940495005460033,34.22709665019197,-119.17906633634428,11.255067479887808,11.255067479887808
08f2a10755d0da1c03155a1195004543,Kung Fu Tea,bubble_tea,other,8625 5th Ave,40.6208711,-74.0266653,40.6208161,-74.0266304,6.788116708061269,nearest_edge,0.004174500069006537,0.004174500069006537,40.62081622718408,-74.02661544284676,1.262475235149906,7.411908239789054
08f2a88c18ac486303d2d8df15029c9c,Kroger,supermarket,retail,15069 Forest Rd,37.3642811,-79.2948345,37.3641745,-79.294923,14.201280738943728,centroid,6.161734022248265,0.8400853762275,37.36432700337591,-79.29482687558429,18.96650894927701,5.148506992427927
08f2a8b4c25012550374f1c345937cc5,M Creative,graphic_designer,other,541 N Trade St,36.1009441,-80.2461138,36.1009679,-80.2460602,5.494874304839172,nearest_edge,2.5221462628087705,0.2059956777811669,36.1009791816228,-80.24604764561104,1.6869759475971051,7.1093264519580375
08f26c865814959b036eb5dec0dc2d7c,8500 North Stemmons Home Base,event_planning,other,8500 N Stemmons Fwy,32.8280489,-96.871707,32.8280489,-96.871707,0.0,centroid,1.0888777580983258,0.2901128958866541,32.82795529595812,-96.87166467267909,11.134371436341317,11.134371436341317
08f44eb6a876615d03149a9ffcf3d74b,Dollar General,discount_store,retail,22679 Al Highway 75,34.5629341,-85.7978632,34.5627994,-85.797823,15.423671223490519,centroid,3.7365068335580482,0.9542183434024663,34.56280121360517,-85.79784318621303,1.8594108586867164,14.889507947690705
08f29a56ab08acd003403a723d19d4f9,Hawk Importers,professional_services,services,2307 E Artesia Blvd,33.8749788,-118.1654016,33.8751703,-118.1650851,36.15516271773739,centroid,5.724982724742307,0.794494148970896,33.87500460318108,-118.16507485722113,18.44889571710122,30.301109852135244
08f29a0993723d0e03090c0c32eb0cb2,"The Grossman Law Firm, APC",wills_trusts_and_probate,other,41593 Winchester Rd Ste 200,33.521049,-117.1663171,33.5210423,-117.1667167,37.05093974613977,nearest_edge,12.54724188733895,3.6463008497484553,33.52103387478758,-117.16652351431182,17.933057997127452,19.20865098571347
08f2659b598ec82503a358affd0ee02e,Robert Half,employment_agencies,other,6750 Poplar Ave,35.0987024,-89.8381734,35.0988187,-89.837991,21.037924908503726,nearest_edge,11.955696863850255,0.7360064154022632,35.09885129942497,-89.83807401911938,8.377533680606954,18.864605010621833
08f26de6a02c967003fecdb22a4db690,Red Roof,hotel,lodging,6624 Interstate 27,33.5321521,-101.8459139,33.5324204,-101.8458924,29.90008273696447,centroid,0.5479232191432489,0.5109169158462561,33.53220795289084,-101.84585605873046,23.861988041867853,8.204527305770464
08f275d769b29a6903bf058fddfc4235,Khanya Corporation,marketing_agency,services,2200 W Kilbourn Ave,43.0422493,-87.9406562,43.0422748,-87.9406508,2.8692290191216214,nearest_edge,8.780339748718932,0.5685444694947666,43.042328499965706,-87.94065402540116,5.976914118236239,8.808407346052087
08f488b6d30e88920318f8e37351abfd,C DUBBS Remodeling,home_improvement_store,other,1503 Lexington Ave,32.2435055,-101.4557177,32.2435373,-101.455605,11.173405115094354,nearest_edge,3.5112283649660485,0.017810243692544116,32.24352937493352,-101.45563652309139,3.0928606974282284,8.082883079603555
08f29b6d336d57330305e311d56e3d68,Zazu Pannee Park Regent,accommodation,lodging,1502 E Osborn Rd,33.487662,-112.049418,33.4881452,-112.0492329,56.40482750440854,nearest_edge,6.813975271706712,1.3099726550123922,33.488075,-112.049306,10.33863079405491,47.083418179739624
08f2ad035aaf4ac2039c484e6d8e16ee,Guidry Coastal Architecture,architectural_designer,other,414 W Blackbeard Rd,34.1893241,-77.8568363,34.1892709,-77.8569275,10.264521292490102,nearest_edge,0.32278804131309813,0.1345105359117359,34.18927469989259,-77.85692853602549,0.4331411073677892,10.106815685925145
08f44a18d80a496c0370558e3a242b92,Ventura Business Solutions,professional_services,services,987 SW 37th Ave,25.76228,-80.2547239,25.7621568,-80.2547293,13.709884165433293,centroid,13.8380665765649,0.7647090595516748,25.762227576981942,-80.254790868608,9.997640681196971,8.885681400653167
08f274b0f0253ab303331772eb1801d6,Subway,sandwich_shop,food,2727 Benham Ave,41.6584277,-85.9705754,41.6584357,-85.9706036,2.5059458333651476,centroid,1.2930948176049235,0.1965874232045855,41.65842478710366,-85.97061149802542,1.3794916462992812,3.016321533344645
08f44a139437335103e06a38aec56a5e,Hoffer Pest Solutions,pest_control_service,other,"1975 E Sunrise Blvd., Ste 503",26.137763,-80.1192,26.1381206,-80.1193857,43.87197844074858,nearest_edge,3.088485794375667,2.017503043155998,26.138099029396194,-80.11929319686706,9.540418999048722,38.50553431302511
08f2a100cac0e4f1033abefc7d8474da,McDonald's,fast_food_restaurant,food,15 Jamaica Ave,40.6776008,-73.8976528,40.6775499,-73.8977386,9.186135421506131,centroid,1.6592096600096935,0.21810346445424564,40.677589541190365,-73.89774315491367,4.42460366465748,7.721706221297332
08f28f0334176af50374635d3a065495,A&T Resale,thrift_store,other,10505 NW Glencoe Rd,45.596204,-122.9943018,45.5962565,-122.9944466,12.688700021769188,centroid,1.5448815394144544,0.4080645703916483,45.596230953197825,-122.99445716224137,2.9571552398321663,12.453848157270569
08f444112656304303fa03198aedec5f,Motel 6 Alexandria,hotel,lodging,742 MacArthur Dr,31.2940962,-92.4785814,31.294032,-92.4787236,15.28140872668006,nearest_edge,4.267433024304786,2.782832372168661,31.29403156454913,-92.47868280910231,3.876151713265048,12.020831449061001
08f274da5a31e0c403e9d27d16968c33,Autoliv Americas,professional_services,services,1320 Pacific Dr,42.6944394,-83.2742785,42.6944394,-83.2742785,0.0,centroid,7.179400288166042,3.4737814452183184,42.6944394,-83.2742785,0.0,0.0
08f29a56ce2e96e1033dbdf3c9f9851a,Sam's Watermelons,grocery_store,retail,6223 S Normandie Ave,33.9825335,-118.3004849,33.9825346,-118.300556,6.556825623674842,nearest_edge,0.18210940136911846,0.0995367226213649,33.982547731309786,-118.30056327867348,1.606983926598781,7.398030500398733
08f29a578bda4450037d7222e42f4da1,Jordanah,event_planning,other,5318 E 2nd St,33.7589515,-118.1321789,33.7589599,-118.1322151,3.4744323934237853,nearest_edge,2.106138368007911,1.1959869002445254,33.758928735972795,-118.13223589242911,3.9626892467258132,5.845200382193295
08f262808a182014037ee27b008cff1a,Forest City Inn,hotel,lodging,1215 Highway 69,43.2462063,-93.6366474,43.2462258,-93.6363765,22.048743103444394,centroid,4.228389356921658,0.3817408760499661,43.24620590046762,-93.63632769664828,4.530062304711739,25.89479514598348
08f2aa845eb8520103a7f17fd1fc691f,Bloomingdale Wine and Spirits,liquor_store,other,1836 1st St NW,38.915465,-77.0123595,38.9154019,-77.0124326,9.446090300042457,nearest_edge,3.4738384233499975,0.12325932663066545,38.915402277006095,-77.01241652688614,1.391244048814984,8.54319502876607
08f2b8e6a104c82d03642c26879a2511,T R Jetty Funeral Home Inc,funeral_services_and_cemeteries,other,512 James St,44.238381,-76.0864194,44.2383589,-76.0865616,11.591820707522688,centroid,3.0879054566076425,0.2706396510174398,44.238331002862815,-76.08653400809513,3.8018683864607876,10.689648509282325
08f2ab31ad9098c00350623fdcc1f6e6,Mi Bella Casa Furniture,furniture_store,retail,35107 Center Ridge Rd,41.3925935,-82.0068383,41.3927082,-82.0066398,20.900929948567377,centroid,3.393286914282743,0.6787554741600763,41.392678135756086,-82.00669397558521,5.621289314241296,15.281092894474266
08f44ccd946068d803169fdd034b2789,La Pequena Food Mart,supermarket,retail,680 Powder Springs St,33.9369407,-84.55702,33.9369719,-84.5570871,7.0960770242397855,nearest_edge,0.4287871669558069,0.4287871669558069,33.936987833346386,-84.55709299709665,1.8533511361544759,8.533320200461
08f2a14a83b9a28a0372332d87fe17d4,Delmar Products,professional_services,services,400 Christian Ln,41.6417356,-72.7501828,41.6415793,-72.7499897,23.654502145760695,nearest_edge,1.0846104372691758,1.0846104372691758,41.641586022934995,-72.75000980802291,1.8305333958106669,21.9835754700018
08f264930874b80a03c3903fe19da3b0,Rugged Portable Computers LLC,it_consultant,other,509 Production Ave,34.67242691543611,-86.7808780785262,34.6714673,-86.7832062,238.14769364205236,nearest_edge,3.544033512124852,0.16981485480595748,34.6716183,-86.7829801,26.63545664162207,212.21721240559086
08f2832ab4703752037ff18aada0852a,Denio's Roseville Farmers Market & Swap Meet,farmers_market,outdoor,1551 Vineyard Rd,38.7438066,-121.3057713,38.743794,-121.3058149,4.032502584312789,nearest_edge,14.423030492447275,14.423030492447275,38.74376589383218,-121.30584238695238,3.930652747935087,7.648301663534382
08f2659b08855a7503594e72bf627c4c,Yale Tire and Auto Tech,tire_shop,other,3491 Ramill Rd,35.2208683,-89.9271509,35.2210233,-89.9273957,28.13455537079881,nearest_edge,15.410790766839725,14.412426944997765,35.2209037,-89.9274915,15.893152399399298,31.189154132744655
08f264a86a6534b0038003a5f844d012,Finish Line,shoe_store,retail,2021 N Highland Ave,35.6572467,-88.8306536,35.6572423,-88.8305919,5.59589862069351,nearest_edge,8.903363296584084,3.9089617653216933,35.6572467,-88.8306536,5.59589862069351,0.0
08f29a1dabb5cceb03d1373418c436fb,Docnak Photography,professional_services,services,1829 S 8th Ave,34.1184416,-118.0159113,34.1184166,-118.0159904,7.794221198272051,nearest_edge,1.0791965505372536,0.0247801762276118,34.11841988126008,-118.0160007971308,1.0243041988753423,8.585413873740235
08f26cb91ed10d0503124c1f695e4345,South Dallas Community Market,grocery_store,retail,5210 Bexar St,32.7503413,-96.7531314,32.7503537,-96.7531294,1.391445187693136,centroid,1.837556663368367,0.09527748575187704,32.75035501796763,-96.75312047936127,0.8470227503758101,1.835694484061184
08f2696148324c1303a942ec1dc12a18,Memos Fruits,eat_and_drink,other,1030 S Redwood Rd,40.7465874,-111.9398212,40.7468922,-111.9405722,71.7717908549415,nearest_edge,0.19792995505886082,0.18084624966462198,40.74687511821075,-111.9409714175694,33.684214441525675,102.04111927502653
08f29b6d06c5459d0366de766faa0a5e,Blade Editorial Inc,professional_services,services,3033 N Central Ave,33.4837069,-112.0734938,33.4836219,-112.0733651,15.224841748654699,nearest_edge,14.639937205107179,0.7766872994969779,33.4836687184103,-112.0734650578181,10.631990603356218,5.0130303791477555
08f444d68e8e0c09032deb7ed8091c7f,Amigo Juan,mexican_restaurant,food,2004 Hampton Rd,33.467471,-94.0661089,33.4677641,-94.0661465,32.77731941571415,nearest_edge,0.36553096924965733,0.36553096924965733,33.46768962494063,-94.06616934664068,8.548109029231176,24.948209631246947
08f2a8ba966e45ab03c0f6e2181f87a6,Burlington Outlet Village,shopping_center,retail,2389 Corporation Pkwy,36.0669,-79.4358,36.0679732,-79.4360629,121.65142305863588,nearest_edge,46.17601762341943,46.17601762341943,36.06777352659204,-79.43526913318607,74.71957649617542,108.21882472358442
08f29a1d2e4258db03b7c4087eb8f2a9,Nora Lighting,lighting_store,other,6505 Gayhart St,34.0008164,-118.1371671,34.0010877,-118.1368265,43.54170008812478,nearest_edge,20.21408696122557,1.298242200985918,34.0008164,-118.1371671,43.54170008812478,0.0
08f2a100eb3b6a58036b1408e30d72b1,Ace Staffing Agency,professional_services,services,104-11 122nd St,40.6869167,-73.8213263,40.6869289,-73.8213209,1.4309486944361498,nearest_edge,1.1081204991072051,0.22031846880732098,40.68693606970747,-73.82129387617834,2.414017802071508,3.4803806335342733
08f4455465c0d06e03aebe30a5ea43be,Beachview Vacation Cottages of the Mississippi Gulf Coast,hotel,lodging,171 Paradise Ave,30.3835863,-89.0319032,30.3835863,-89.0319032,0.0,nearest_edge,0.9495118503440513,0.13335077803933879,30.38358081994395,-89.03191807852475,1.5518386030725089,1.5518386030725089
08f2ab251166172503fd7ee6925ae721,Busch's Fresh Food Market,international_grocery_store,other,225 S Canton Center Rd,42.3061464,-83.4853147,42.3061464,-83.4853147,0.0,centroid,4.696789202282895,0.9079656093012151,42.30612511860435,-83.48547316106381,13.244198318445124,13.244198318445124
08f2aa1154a2d611034a6bafc24aa955,Indies,bar,food,Independence street,40.788972,-76.559231,40.7889273,-76.5590137,18.95725530550953,nearest_edge,2.19332467658429,0.38611194043211844,40.788937376163645,-76.55910759282159,7.983662988638742,11.079810678428904
08f2ab2d82bb295e031c0e74eeede8ae,Pizza Hut Express,pizza_restaurant,food,2400 S Telegraph Rd,42.6036334,-83.2933189,42.6037262,-83.2937239,34.716415123447256,centroid,21.38699765934963,3.266572185456062,42.6036334,-83.2933189,34.716415123447256,0.0
08f44da876976af303393dfd2f3fb439,The Honey Baked Ham Company,restaurant,food,1901 Wellness Blvd,35.0236581,-80.5795904,35.0236493,-80.5794402,13.712052705114152,nearest_edge,5.393385765025263,0.962722221601518,35.0236702019827,-80.57949698280811,5.668946811931243,8.612276609686736
08f2659a0cc6590803dd941c90df1da4,FairBridge Inn Express Memphis,hotel,lodging,2880 Lamar Ave,35.0912225,-89.9663657,35.0913081,-89.966363,9.521455252030286,nearest_edge,4.290318426847177,0.7238452851450373,35.09130776148636,-89.96637454607895,1.0511802440039626,9.514746885528606
08f2a92571072446034e488e8ffa7355,Taco Bell,fast_food_restaurant,food,1422 Raible Ave,40.1012193,-85.7105517,40.1012193,-85.7105517,0.0,nearest_edge,0.8097864835271562,0.12125434405269529,40.10122282044688,-85.71054431690851,0.7399810150600089,0.7399810150600089
08f29a1d4c171cc603bebdd37dd9b4c2,UPS Access Point location,courier_and_delivery_services,other,2699 N Beachwood Dr,34.1201493,-118.3212941,34.1199805,-118.3214322,22.66967983638935,nearest_edge,3.441428499701749,3.441428499701749,34.12000057025849,-118.3214696931135,4.1100760403199414,23.12537874585142
08f489aa2d07686503f81f7bf04af9a6,Insta Ramen,restaurant,food,1002 E Elms Rd,31.0806992,-97.7384345,31.0806992,-97.7384506,1.533233561655288,nearest_edge,1.053816188518399,0.24409327044653426,31.080674099147085,-97.73843249823415,3.2805308337011283,2.797590030222985
08f2ad37a14343850391dd40081f8e9f,La Taqueria,mexican_restaurant,food,804 Inlet Square Dr,33.5810797,-79.0216397,33.5810931,-79.021578,5.906720056911843,nearest_edge,3.1707705975654603,0.4501384854929428,33.58108308584539,-79.02158338020328,1.2199761891188565,5.2308594316659045
08f275d29d245681034cfc53318aa7de,Cubanitas Oak Creek,cuban_restaurant,other,7973 S Main St,42.899806,-87.9179407,42.899919,-87.9178763,13.616073033375054,nearest_edge,1.2950237611239999,0.5500937365416069,42.89994889839645,-87.91791890431286,4.8058188295792,15.988451933491302
08f29b6d5d352755036ac504152622eb,Tempus West Valley Realty,videographer,other,10220 W Bell Rd Ste 103,33.63854444930663,-112.27886708465576,33.6385746,-112.2790227,14.7910858111532,centroid,9.454352155542717,1.1487846435781461,33.63854606583806,-112.27898919972273,4.436781376191035,11.306255527356015
08f260d87291a36303e6c8529d091026,MACLYN DSM,advertising_agency,other,1011 Locust St Ste 304,41.5866558,-93.6305671,41.5857941,-93.6302995,98.36750348005823,nearest_edge,0.336288282527574,0.336288282527574,41.58604708168416,-93.63008586649413,33.27171491547656,78.63422980416867
08f262cac8b6eb1e0391227e7055806f,Tilly's American Travelers RV Park,rv_park,outdoor,1155 Lake Shady Ave S,44.153446,-92.5343629,44.1533806,-92.5344541,10.287038240405574,nearest_edge,1.6453626267165333,0.14788525100795602,44.153389200469896,-92.53445445149389,0.9567396662250214,9.655953414763866
08f44438aab12ab603d0468da22e9a5e,CubeSmart Self Storage,self_storage_facility,storage,542 Highway 61 N,31.5639683,-91.3462035,31.5639843,-91.3459031,28.51674858715611,nearest_edge,4.715840313193338,0.9321271948161267,31.564059853223785,-91.34589329230144,8.452368206051858,31.103595564925662
08f2aa80214d98ae03e4bdcff9f59a06,Joss Café,sushi_restaurant,food,195 Main St,38.9779122,-76.4909511,38.9779185,-76.4909384,1.3022765285503708,nearest_edge,0.899359042866957,0.2814030007646669,38.9779049750219,-76.49094261230917,1.5473605796634533,1.0879899178126027
08f2ab3850aca311032a958e700a41e6,Chuck Brown II Bail Bonds,bail_bonds_service,other,3691 Lee Rd,41.4589502,-81.5647179,41.4589472,-81.5645972,10.063804615119599,nearest_edge,2.529419595038471,0.21506733740155803,41.45892784588533,-81.56462685755379,3.2771183363335226,7.983637860771689
08f29a109291a22203ed0bdb701120bc,Starbucks,coffee_shop,food,3027 Rancho Vista Blvd,34.6032754,-118.1841834,34.6032511,-118.1841807,2.7133133747648843,nearest_edge,14.500219295339194,1.4013404075343259,34.60325092367259,-118.1842030962469,2.0499103833806993,3.2645162066413342
08f265b48c6ea6d803c7d68182ab94f8,Nabholz,construction_services,services,1718 Aldersgate Rd,34.7375866,-92.3908894,34.7376219,-92.3909779,8.989102629592034,nearest_edge,0.3606459559802823,0.15632032932516768,34.73764505865114,-92.39095388779997,3.383131634203105,8.773690887118658
08f2aa8d1dc436ac03ab8fa08d441cc3,A & A Hearing Group,hearing_aids,other,1813-B York Rd,39.43168259,-76.62215424,39.4322875,-76.6208594,129.96641095251397,nearest_edge,5.846179887075255,1.1561497080259884,39.432335707121446,-76.62096077695313,10.224483765759897,125.6201311425972
08f44c42e312cac103267191aa401ab4,Perfect Equipment Company,professional_services,services,105 Perfect Rd,32.32576,-83.69752,32.329128,-83.7012965,515.9127531281936,nearest_edge,2.8423829772669698,0.37830088588586674,32.32906189999999,-83.7010248,26.565575866718735,493.2028891489206
08f2a10046b45c73034fe2d3c453591b,Phoenix Building Products,building_supply_store,other,321 Denton Ave,40.7475213,-73.6725282,40.7475315,-73.6726328,8.884252228270572,nearest_edge,14.576268942933034,14.576268942933034,40.7476592,-73.67267189999998,14.57660935470381,19.53623130466859
08f264620c6d462503efe86fc222ba15,Bellerive Gardens Cemetery,funeral_services_and_cemeteries,other,740 N Mason Rd,38.6666521,-90.4697333,38.6668134,-90.4701946,43.882889781854004,nearest_edge,0.24393010770051077,0.09626686473639116,38.66679964259547,-90.47017354081925,2.3839152635959473,41.594040962802616
08f2759301db539d0356df261133ee31,Palatine Farmers' Market,farmers_market,outdoor,137 W Wood St,42.1128041,-88.0469241,42.112822,-88.0469348,2.1773048317164547,nearest_edge,14.570160447461385,14.570160447461385,42.11278881430594,-88.0467837912345,12.991388926804317,11.697831956273927
08f2664c1e12970c0346c7c9976d89f7,SEPHORA,cosmetic_and_beauty_supplies,other,845 N Michigan Ave,41.8979769,-87.6228929,41.8979769,-87.6228929,0.0,centroid,4.545693618692943,0.9801508626797422,41.89797951823887,-87.62291618050959,1.9487116673809963,1.9487116673809963
08f44d070acc6b2c03d8c7777106600f,Louis Vuitton,fashion_accessories_store,other,230 King St,32.7809107,-79.9329453,32.7810009,-79.9331089,18.289784947107538,nearest_edge,8.785305849407868,1.7759819909989913,32.78104418957156,-79.9330214322453,9.488679794032693,16.461536123599725
08f279e4a851308b030373f134af2819,Big Timber Daycare,day_care_preschool,other,605 E 7th Ave,45.8337935,-109.9433057,45.8337365,-109.9431917,10.87092332439954,nearest_edge,4.0216461613236705,0.18583952786400784,45.833748395966985,-109.94324410340687,4.269969064314027,6.922935067777285
08f29acb7491b22c03961762ac2cde06,Plenty on Bell,restaurant,food,508 Bell St,34.7438986,-120.2775814,34.7438744,-120.2775975,3.0667623925033096,nearest_edge,2.104075260167661,0.5650574631512818,34.74386188822284,-120.27758347514704,1.8914738080073539,4.08656433549157
08f28f01800adc1003a03707f48a758b,Smooth Systems Construction,professional_services,services,4233 SE 182nd Ave,45.4918107,-122.4759147,45.4918925,-122.475963,9.844148747084633,centroid,1.4739597472360761,0.1019450579648144,45.49188106123514,-122.47597482201657,1.5706675689823104,9.120020498927657
08f29a0969036391032504daedc00ff3,Surf Cycle Laundromat,laundromat,other,34122 Doheny Park Rd,33.4674073,-117.6761476,33.4674291,-117.676159,2.64465794812843,nearest_edge,1.5827126521066106,0.1701491369162309,33.46743187781664,-117.67612896217669,2.8033392967102384,3.2338400422515363
08f5d115334485b403081002c9f68498,Hawaii Island Ice Distributors,ice_cream_shop,food,21 Banyan Dr,19.7248313,-155.0681931,19.724907,-155.0682682,11.51716066707767,centroid,3.834622927606609,0.37996882408614263,19.72489921979363,-155.0682501290109,2.079951508993813,9.626514057271102
08f44e9c9681bcb403c0ec0fc0ce0329,Budget Motel,hotel,lodging,1548 Bankhead Hwy W,33.540673,-86.8706343,33.5407088,-86.8706021,4.975205490277788,nearest_edge,0.9470695936345311,0.36822975987565487,33.54073722543155,-86.87057804288678,3.868026299433083,8.842319801403494
08f2a930f2c452e203916aaade1ea210,Buckeye Carbide,online_shop,other,818 Depot St,39.105771,-84.551325,39.1057439,-84.5513545,3.9445696806275405,centroid,3.493846697253469,0.4569840480503698,39.1058125628024,-84.55133708298011,7.781455589283269,4.737712122230084
08f29a1b1364219903f1278ee57f0037,Whitakers Hardware,hardware_store,retail,179 E High St,34.2855036,-118.8796407,34.2855429,-118.8796856,6.009431887525415,nearest_edge,1.7648068788317721,0.136007939020118,34.28555365733427,-118.87968090969375,1.2714124864656122,6.680489554701972
08f2b890a368bb1103b3a9b0a0dd74d3,Hoarder's Honeypot,thrift_store,other,996 Altamont Blvd,42.6998235,-74.0329839,42.6999871,-74.0330107,18.322846385104867,nearest_edge,5.252202154725994,0.26192873225039703,42.70003206878538,-74.03300361653059,5.033694274684884,23.24769162961492
08f2ad4d2a30583203b5846e1271d213,The Wash House,dry_cleaning,other,1700 Howard Ave,35.8992732,-77.5620157,35.8993731,-77.5620425,11.367637295006439,nearest_edge,2.480055670959073,0.14694529514951443,35.8993753162191,-77.56204850377256,0.5942819498439221,11.732950104495396
08f298cb1e73450003321ebbeed09bda,Mammoth Village Gondola,hotel,lodging,60 Hillside Dr,37.65004,-118.985239,37.6500145,-118.9854643,20.036899909857073,nearest_edge,0.6756431658442434,0.13947979927439177,37.65001175908783,-118.9854268980024,3.3069213998260882,16.837830733432305
08f28c6004a6a5520366aaebfff8fdce,Kraken Beach Arts,arts_and_crafts,other,441 Ocosta St,46.8900849,-124.1057816,46.8899254,-124.1059077,20.158724855461163,nearest_edge,1.574828537487409,0.13250328439776576,46.8899640159714,-124.10592469811701,4.483979195077012,17.28946798222035
08f2a8e4cc0c11030321cc02c69c7bb8,Greenbrier Medical Arts Pharmacy,pharmacy,retail,1322 Maplewood Ave,37.772697,-80.469931,37.7727224,-80.4699337,2.83430357825942,nearest_edge,4.668232447346502,0.9315284464243488,37.77270418547023,-80.4699764318548,4.267151185259923,4.072323087662999
08f446e119883c150375c37494cc4948,UPS Customer Center,professional_services,services,6751 Procter Ext,29.936922,-93.88673,29.9367709,-93.8864725,29.96577445525337,nearest_edge,8.54082935861168,8.54082935861168,29.936837822094365,-93.88668946338977,22.19121381122848,10.142476320004608
08f2ab5b32a11d940300d9faba7d2154,Drab Law Office,lawyer,services,516 Central Ave,42.4805994,-79.333618,42.4805836,-79.3334544,13.530879113170938,nearest_edge,3.7495703825822053,0.09413254496503042,42.48057898985814,-79.33341488268523,3.2809885142140085,16.810928339026688
08f275d39bd1dc4103cc91e4a581d097,Debt Advisors Law Offices Downtown Milwaukee,bankruptcy_law,other,250 E Wisconsin Ave,43.03925,-87.90829,43.0393147,-87.9082203,9.156720819533643,centroid,7.933096368192915,0.4732661882466207,43.039282706045086,-87.90821572250466,3.576963581241486,7.047438358674666
08f44a132815373603f19b6657f03be8,Chocolatissimo Bakery,bakery,food,16481 Blatt Blvd,26.12212,-80.37359,26.1233933,-80.3258561,4767.696491239091,centroid,5.4321641212934235,1.2328596493330235,26.123402307662868,-80.32606524356396,20.90409247285851,4746.855341408092
08f2a86914ae28d903df50ebd97962e7,Best Western Plus Dutch Haus Inn and Suites,hotel,lodging,150 County Line Rd W,40.9004913,-80.6948665,40.9004893,-80.6948799,1.1479695774233152,nearest_edge,0.8593830802161171,0.29120379046275735,40.90048709412133,-80.69486069752901,1.6324322994553602,0.6756821623772657
08f2696065ac382d039f10dab66abbca,Betos!,mexican_restaurant,food,3201 S Redwood Rd,40.70175,-111.93818,40.7015345,-111.9384885,35.362693941573184,nearest_edge,22.696079085897757,22.696079085897757,40.701718605735905,-111.93820707692828,31.335214149243075,4.1708838536002775
08f2600b1d28b768034f9e41980fe464,Storage Center,storage_facility,storage,8610 W 41st St,43.5150923,-96.8334442,43.5153782,-96.8332806,34.41919784524625,nearest_edge,8.539118467847652,0.9952702141536148,43.515301423162285,-96.83329597546307,8.62675457371804,26.145438370970684
08f26e5bacac063503417b44890234e0,Shred Nations,shredding_services,other,4000 W 6th St,38.9729138,-95.2889605,38.9729138,-95.2889605,0.0,nearest_edge,1.4040672745176408,0.5954398501682041,38.97289861329885,-95.28899149070924,3.1668772073917157,3.1668772073917157
08f2b8a32e69a1a903faa05285b4e0d0,Cookies Services,construction_services,services,80 Dutcherville Rd,43.2821958,-75.92842,43.2824496,-75.9282805,30.396637102778566,nearest_edge,15.166317499814644,15.166317499814644,43.28253899999999,-75.928422,15.166317499814644,38.16244223107801
08f269680b0a889d037b29c5a672b36a,Deseret Food Store,grocery_store,retail,1205 Flint Meadow Dr,41.0350551,-111.9375878,41.0351239,-111.9378667,24.611954293661512,centroid,6.358195150912642,0.30779037689435856,41.035058664886826,-111.93784204059342,7.542925657219573,21.32817104100061
08f2a16a2d3a516203948095e0ec75da,Ready Coffee,coffee_shop,food,1810 South Rd,41.6137494,-73.913437,41.6137494,-73.913437,0.0,nearest_edge,2.2878954418143005,0.31097938571951383,41.61373744768881,-73.91342164859999,1.8425714530754853,1.8425714530754853
08f29a0b6a91042003c04bfbd9fdb8c1,Shilpark Paint - Garden Grove,paint_store,other,9001 Garden Grove Blvd,33.774217,-117.974696,33.774217,-117.974696,0.0,nearest_edge,3.3932952220436614,0.361573103694989,33.774233474476716,-117.97470217818908,1.918819804137702,1.918819804137702
08f44f16edacec1a0388588fbcb14660,The Blueberry Warehouse,fruits_and_vegetables,other,199 Tobacco Ln,31.5396344,-82.4719403,31.5396344,-82.4719403,0.0,nearest_edge,25.5060898249604,3.719900926395984,31.5396344,-82.4719403,0.0,0.0
08f2a10773c0d49a0305e4e82bdf49ec,Evergreen Lumber,hardware_store,retail,6117 6th Ave,40.6371206,-74.0149359,40.6370921,-74.0148286,9.59259166536122,nearest_edge,3.2679275099883296,0.30375262737836656,40.63709048304037,-74.01483847553331,0.8524764678863032,8.876638896016656
08f2aa86b565942103f758737cca263f,Elsy Express,shopping,other,8743 Cooper Rd,38.7196693,-77.1237564,38.7196693,-77.1237564,0.0,nearest_edge,2.8524436836548097,0.28152854556878626,38.71964919921339,-77.12374780645777,2.3561682878063164,2.3561682878063164
08f2a80b4312993503c5a5d252aaf6b2,West Fork Events,event_planning,other,3045 Lakeford Rd,39.5238505,-79.4834185,39.5239871,-79.4837109,29.320538075034598,centroid,3.142460146278161,0.5334358042240706,39.52395268604407,-79.48364350715408,6.932235097485071,22.395641885108876
08f29a418666042303accd68f3ac6f48,ampm,convenience_store,retail,3775 Massachusetts Ave,32.7457757,-117.0425875,32.7457757,-117.0424333,14.421355480062832,centroid,0.7241922939729852,0.3759394356866211,32.745776896018484,-117.04241364564157,1.8429531457859178,16.260047688375703
08f2aae08ac3273303dbb2ea3a3611eb,Wendy's,fast_food_restaurant,food,650 E Main St,39.7503773,-77.5672459,39.750267,-77.5673465,14.979718385750372,centroid,2.760246741922333,0.8271093196260555,39.75027359536142,-77.56730879912953,3.3054658347803194,12.72357123552352
08f262cda6385b89030b5a9153f8a31f,Hotel Excelsior,hotel,lodging,234 Water St,44.9031071,-93.5670781,44.9030786,-93.5670003,6.89848471654237,centroid,1.5280027587434795,0.4176511346810791,44.90304541739087,-93.5670497920484,5.367342576252809,7.21206034444913
08f28d4ad1aaeca8032c856abf6c9dbc,King's Teriyaki,japanese_restaurant,food,1539 Blake St,47.2004243,-121.9839315,47.2004243,-121.9839315,0.0,nearest_edge,1.098178048691891,0.1596625986109391,47.20045034460695,-121.98393540280689,2.91099971363297,2.91099971363297
08f2b8d15acd202003a3c3f857903dc8,Marble Valley Engineering,engineering_services,other,69 Grove St,43.6104839,-72.9811141,43.6104043,-72.981334,19.793462455456687,centroid,2.447758727675717,0.28134757057285703,43.61040497942916,-72.98129086778364,3.4734098542341703,16.719736185734913
08f29b6cccd0344b039be71106673105,Tortas Chano,mexican_restaurant,food,39510 N Daisy Mountain Dr,33.8441965,-112.1324314,33.8442344,-112.1324716,5.616377605635414,nearest_edge,46.044451776056455,46.044451776056455,33.844163,-112.1329627,46.044451776056455,49.20862444810878
08f2aa38c1b9312c034441bf768499ce,Army Medical Recruiting,professional_services,services,204 E Calder Way,40.79506,-77.85961,40.794995,-77.8596824,9.4543129946775,nearest_edge,3.5557620835688217,0.2741278694758429,40.79499396776324,-77.85967549806524,0.5922363120549456,9.182150079729958
08f44a8903286009031492c267a84177,Nutmeg's Cafe,bakery,food,515 SW Park St,27.2430865,-80.8353283,27.2430173,-80.8353149,7.807889882453454,nearest_edge,2.28026145486352,0.36800619035402377,27.24302067669716,-80.83531021608434,0.5961524209877394,7.534395051351511
08f2a14b83b1d90b03b37e4834d96837,CVS Pharmacy,online_shop,other,20 Burnside Ave,41.7745,-72.6388,41.7745,-72.6388,0.0,nearest_edge,4.606906070822966,0.15220788234455288,41.77453088518113,-72.63878299862374,3.7124045130247243,3.7124045130247243
08f2a9c5915140b403b351d3326446f5,The Faulkner Law Office,personal_injury_law,other,8055 Hayport Rd,38.7301384,-82.8575124,38.7301468,-82.8576707,13.763197381441776,nearest_edge,2.973114059757233,0.04928579636527455,38.73016356989923,-82.85765214641714,2.4632041219621863,12.440963352341331
08f29a8432c8eb00037b153ccd5bf699,Fast and Friendly,health_food_store,other,185 E Hermosa St,36.20554,-119.09053,36.20554,-119.09053,0.0,nearest_edge,3.286562609065381,0.32566283898813453,36.20554824053668,-119.09056633191702,3.386162405646165,3.386162405646165
08f26818208f3486033855c455f0f042,Rocky Mountain Connection,shoe_store,retail,141 E Elkhorn Ave,40.3763509,-105.5229496,40.3764265,-105.5229925,9.15819472356274,nearest_edge,4.9110794343771405,0.11493735850183436,40.37640745773827,-105.52298888115564,2.139478159684387,7.114962998118
08f441e5998dc6cb0379e10e1d38c140,PostNet,printing_services,other,1121 W Price Blvd,27.0679415,-82.1590044,27.0679415,-82.1590044,0.0,nearest_edge,1.5296447549509429,1.5296447549509429,27.0677497151645,-82.15901925942067,21.37619576055673,21.37619576055673
08f2a3499dcf213203eeb54cb01f400e,Coastal Electronics,electronics,other,214 Gardiner Rd,44.019241,-69.6688654,44.0191937,-69.6689687,9.792329558337613,nearest_edge,3.041527137938493,0.58139955912558,44.01918533514004,-69.66899612441945,2.3819927547057564,12.14800531051563
08f2a1004b0184ac03ccec805926abb0,Ni Ramen,japanese_restaurant,food,2 Broadway,40.6569479,-73.6718362,40.6569036,-73.6717812,6.766839903660599,nearest_edge,5.122385992851103,1.0108347023678632,40.65691972437074,-73.67182146987174,3.84110516986268,3.3703960035422935
08f2a306718f08ee0390e682f933e830,Life Alive Organic Cafe,vegetarian_restaurant,other,22 JFK St,42.3729802,-71.1196378,42.3729802,-71.1196378,0.0,nearest_edge,2.475767834025982,0.5849288004618395,42.3729569423286,-71.11963411048498,2.6038347756153626,2.6038347756153626
08f2a3497676670203844056f073e79c,Friendship Village Co-op,flowers_and_gifts_shop,other,11 Main St,43.9842881,-69.3335785,43.9842727,-69.3335289,4.322099342267052,nearest_edge,2.1198024974609044,0.644326647166423,43.98428077842388,-69.3335399786863,1.2619765610081024,3.18773102704147
08f29ac4da45c3a103c1e12449f23026,Bakersfield Photo Booth Rentals,event_planning,other,8200 Stockdale Hwy,35.355756,-119.0936425,35.3558348,-119.0939161,26.31385707013283,nearest_edge,107.79359037061556,107.79359037013297,35.35517339999999,-119.09478510000001,107.79359037061556,122.2042680336772
08f44ca028926d9203ff41b767341a7f,Grand Summit View,cabin,lodging,1263 Ski View Dr,35.7069352,-83.5599993,35.7068699,-83.5599296,9.608777417449739,centroid,1.3011032094370902,0.8081492537441745,35.70688198161281,-83.5599674390939,3.671190247807419,6.5798182213979715
08f26e53634191b403d8aa3573a7aaf5,Hardee’s,burger_restaurant,food,203 E 27th St,38.57281,-95.26548,38.57281,-95.26548,0.0,nearest_edge,5.864186453110737,0.18362433212788837,38.572808536856186,-95.26546422181654,1.3812759380650457,1.3812759380650457
08f2a10a263557aa035d8858e97eaf9c,Taco Bell,fast_food_restaurant,food,16 W Suffolk Ave,40.7899434,-73.2046532,40.7898378,-73.2048088,17.591902040459278,nearest_edge,3.3652041623040003,0.9335573158745925,40.78983506090595,-73.20477375030772,2.966402187677194,15.751871637599624
08f2ab2c1e10d01c031b32443f5632ff,Koi Express Hibachi and Sushi,restaurant,food,23101 Greenfield Rd,42.4608943,-83.201646,42.4609121,-83.2017452,8.374892383234632,centroid,5.22305737831996,0.1509585301641312,42.46091696831362,-83.20171102642993,2.8551388084747655,5.899842930811435
08f2668659b1882503bd81fb6b0f0b1c,All Saints Camp and Retreat Center,campground,outdoor,833 Hickory Grove Rd,37.5646599,-86.368007,37.5645929,-86.3679775,7.89076305832932,centroid,2.450508813656406,0.33940509668453406,37.5645877671203,-86.36799874323584,1.9574468164550216,8.053758420390032
08f44ae8e516e064032c83e9ccb7e60d,Hydrangea Flowers and Events,flowers_and_gifts_shop,other,2600 Florida Ave,26.6905334,-80.0561794,26.6905334,-80.0561794,0.0,nearest_edge,37.727468334370656,37.727468334370656,26.690844599999995,-80.0560281,37.727468334370656,37.727468334370656
08f44a1bb0892ca803fefe139c9de12f,4th Street Commons,accommodation,lodging,10899 SW 4th St,25.7650808,-80.3720758,25.7650808,-80.3720758,0.0,nearest_edge,11.179467481326009,3.2543244710396584,25.765103367642702,-80.37202855079256,5.355810840079447,5.355810840079447
08f2656016618aaa03f45a3b49b0ba01,Bessine Walterbach,lawyer,services,3000 NE Brooktree Ln,39.2043087,-94.54426,39.2043711,-94.5445309,24.351423214885134,centroid,3.632100847616406,0.6480654604696914,39.20436216748561,-94.5445146033748,1.7199706557229513,22.729132761759157
08f441ad5dab099b030b26a8f1efd238,Exuberant Tropicals Nursery,nursery_and_gardening,other,6101 Mabrey Ave,27.8268555,-82.3856418,27.8267612,-82.3855935,11.511246070396236,centroid,0.7275241762586766,0.2965412938814029,27.826787056870206,-82.38559012814217,2.8942092239367323,9.15090766963211
08f44a98cd29b933034e46c3e3ec7e68,Motel 6 Orlando Kissimmee Main Gate West,hotel,lodging,7455 W Irlo Bronson Memorial Hwy,28.334163,-81.585018,28.3341595,-81.5850046,1.3680263894596436,nearest_edge,5.331116837776239,1.4149440308542596,28.33420747737474,-81.58498943883771,5.53736372567367,5.68098890383167
08f261650ad30512038354b0d63e8de4,Long John Silver's,fast_food_restaurant,food,817 E North St,44.0871831,-103.1972292,44.0871696,-103.1974974,21.473484675574742,centroid,0.564209997209657,0.258688428260932,44.08716715672511,-103.19743474025938,5.011960232927298,16.51180666551824
08f266d32d3209830327457fa9a7744f,Boost Mobile,mobile_phone_store,other,126 Burt Rd,38.007152,-84.5191151,38.0071034,-84.5191553,6.450515986052963,nearest_edge,1.8675528135580473,0.514763644098847,38.007092245175734,-84.51914260565952,1.6659816041473543,7.067959942474249
08f44c228650502b038f024d6fceaef2,Dumpee Dumpsters,garbage_collection_service,other,2918 Professional Pkwy,33.4987989,-82.0803119,33.4987564,-82.0803629,6.685531423892486,centroid,3.450539953906403,0.4863881126932324,33.49877032405036,-82.080369548101,1.6664899816337637,6.218531547894301
08f28d5576ae9635031b6974e2a54d8d,Mattress Firm,mattress_store,other,2600 SW Barton St,47.5225566,-122.3667933,47.5225566,-122.3667933,0.0,nearest_edge,1.2050023242308872,1.2050023242308872,47.5225566,-122.3667933,0.0,0.0
08f2680041549ca803b172e92396c2ef,Pioneer Ridge,holiday_rental_home,lodging,2150 Resort Dr,40.4593073,-106.8187588,40.4594134,-106.8187025,12.723051444344707,nearest_edge,4.2632360217676,0.38529688814161567,40.45940054677586,-106.81873769124049,3.3026009381863597,10.521246835393091
08f29a54db20b98503452132b4a211ce,Yogis Teriyaki,japanese_restaurant,food,2413 S Fairview St,33.7135293,-117.9073804,33.7135326,-117.9073415,3.6166990685793334,nearest_edge,2.4147355886883575,2.4147355886883575,33.71357958726706,-117.90732374880095,5.476656243790326,7.663144292594128
08f2aaa28e9a64b503f61ec435f1726b,West Park Gardens,hotel,lodging,222 W Park Ave,38.4689924,-78.0009126,38.4690848,-78.000875,10.783269659348898,centroid,3.5686088828231264,0.4088689414354315,38.46908634156995,-78.0008867758261,1.0394279210442283,10.685029526701046
08f29aeb21d08a1603ac63aee48e6871,Redbox,rental_kiosks,other,1701 Pacheco Rd,35.3103942,-119.0217861,35.3101184,-119.0217351,31.014750055548703,centroid,2.9372088882649736,0.3894240038811117,35.31008182510791,-119.02173095000153,4.084338798837446,35.09313637248496
08f2a136a515110e03ec86d4e1bb4c9a,Little Spice Pizzeria,delicatessen,other,748 Sicklerville Rd,39.6988544,-74.9850525,39.6988544,-74.9850525,0.0,centroid,2.8256980728398307,0.3331225892295262,39.69887697108467,-74.9850528310396,2.5099499006900436,2.5099499006900436
08f2681a44a9013403b740109fa9a2dd,The Establishment at Bradburn Village,event_planning,other,11885 Bradburn Blvd,39.9124767,-105.0419075,39.9125261,-105.0421596,22.192004425819555,centroid,9.56384519682932,1.6709060192407323,39.91249436550228,-105.04212730344736,4.476536361040355,18.849518584124674
08f269625495ab0e030407b32ff7df76,Millhaven Homes,construction_services,services,295 N State St,40.3426478,-111.7214772,40.3426478,-111.7214772,0.0,nearest_edge,4.993805823418423,0.6312072577611719,40.342640134015426,-111.7214905238367,1.4148279765675564,1.4148279765675564
08f48d621139b8b30344b8490175a2ac,Michael's Pharmacy,pharmacy,retail,2410 N Fowler St,32.727898,-103.1358992,32.7281259,-103.1360226,27.8464799667491,centroid,0.45095034307459814,0.028429178626549177,32.72809573966993,-103.1359574763291,6.953944453966806,22.653330924279196
08f44c0a32819ca303fba357b8406a3c,Redbox,rental_kiosks,other,1280 Gray Hwy,32.859072,-83.6160651,32.859072,-83.6160651,0.0,centroid,3.734063851945567,0.6522847226246611,32.85911067951091,-83.61597837660665,9.171376927354466,9.171376927354466
08f2a846b140ca8303450c840790edaf,Corson Custom Graphics,sign_making,other,53 Corson Ln,40.2941617,-80.2310155,40.2941617,-80.2310155,0.0,nearest_edge,10.112308066301035,10.112308066301035,40.2941596,-80.23089629999998,10.112308066301035,10.112308066301035
08f44e00d874e6cd0333011f2102e015,East Bank Campground,campground,outdoor,153 East Bank Rd,30.7190016,-84.8517976,30.7190016,-84.8517976,0.0,nearest_edge,57.33630551456776,57.33630551456776,30.7187396416959,-84.85130213962734,55.60263576297777,55.60263576297777
08f29a56582ae483037a234caabd998c,El Tarasco Mexican Food,mexican_restaurant,food,210 Main St,33.9182406,-118.4158563,33.9182501,-118.4158107,4.338241756532581,nearest_edge,1.7070578286503497,0.0617830606124728,33.91826154264773,-118.41580556369685,1.3577680632984865,5.228804841903832
08f48eec5170b6ea03d53f6499e7b592,Sieling's Mobile Village,accommodation,lodging,798 W Sieling Loop,31.4050322,-109.9181078,31.4051959,-109.9181346,18.379450423176458,nearest_edge,11.35726769880371,11.357267697547782,31.4052811,-109.91820059999999,11.357267698137802,29.043950454765284
08f44c229dd00bae03e50b9f529513cb,Blue Rhino Propane Exchange,propane_supplier,other,695 Furys Ferry Rd,33.549945,-82.089836,33.5505089,-82.0893941,74.89071267068982,nearest_edge,2.3931422614242774,2.3931422614242774,33.550632208634525,-82.08933047420835,14.925298957421854,89.63126581723839
08f44a90ec41e20e03ccbb738c4e154f,My Urban Lodge,furniture_store,retail,444 W New England Ave,28.5957703,-81.3558519,28.5957703,-81.3558519,0.0,nearest_edge,1.8962787261821576,0.819063978333458,28.595765576954232,-81.3558100844247,4.116145356536897,4.116145356536897
08f262cd5382999a03ba3cdd16e0ad01,Americas Best Value Inn Burnsville Minneapolis,resort,lodging,1101 W Burnsville Pkwy,44.7692070007324,-93.2917327880859,44.7692527,-93.291832,9.336116509899343,centroid,5.143743812264442,0.49511018861744904,44.76925774916173,-93.2918306430129,0.5715695793359856,9.566488765704062
08f2a100d801871d030e74845c013b2f,Buildeem,construction_services,services,492 Throop Ave,40.6868555,-73.9418784,40.6867965,-73.9419642,9.766122129156763,centroid,3.1291212893478697,0.28801510376152345,40.686816162775095,-73.94195016109673,2.4862723621013325,7.4661761348153375
08f44c845ea2326803f348e9e90cea93,Composites One LLC,professional_services,services,169 Kincaid Rd,35.5750245,-84.290183,35.5750245,-84.290183,0.0,nearest_edge,5.753653918786148,0.7160241815563853,35.57500827592915,-84.29023096766292,4.69838828187445,4.69838828187445
08f2719c9cb63b9e03f3042c44b0f1c9,Dakota Supply Group,wholesale_store,other,715 S 48th St,47.9152641,-97.0988549,47.9152947,-97.0984713,28.789961236756024,centroid,2.5902956634846195,0.6744173952265266,47.9152175202573,-97.0985282113543,9.572875848958535,24.89165540191129
08f275ccb24e15920328d4706f3df5f5,Neale Hall,accommodation,lodging,433 Isadore St,44.530571,-89.5721227,44.530571,-89.5721227,0.0,nearest_edge,2.4725768352725908,1.1609704690133853,44.53057917379597,-89.57211731215004,1.0042276497079183,1.0042276497079183
08f29a180b423609030ab4a518c65443,Calabasas Printing,printing_services,other,5173 Douglas Fir Rd,34.158,-118.6489146,34.158071,-118.6490916,18.098939490090373,nearest_edge,2.9790754998880544,0.634753791236385,34.15807005979726,-118.64905896978615,3.0042195063198087,15.3996845178163
08f2a100d21134c103ffdfce45695dc5,InStep Consulting LLC,professional_services,services,601 W 26th St,40.7445736,-73.9875433,40.7446468,-73.987609,9.843040922158073,nearest_edge,1.7323316224342136,0.7887236432027328,40.7446539571729,-73.98763043251398,1.9731764278963237,11.563795859230696
08f268cd8da1d32b03487acb42549b5e,CCS Facility Services Corporate Headquarters,janitorial_services,other,1165 S Pennsylvania St,39.6953761,-104.9815808,39.6954298,-104.9817337,14.380295978644584,nearest_edge,3.319688468797627,0.6334096395418476,39.69540007296972,-104.98171264900621,3.76434138018849,11.591546473397074
08f4413c35cd64d003203cca8a0e1d20,Redbox,rental_kiosks,other,600 Bald Eagle Dr,25.952244,-81.7241714,25.9522512,-81.7243672,19.59282567231609,centroid,4.372537624086985,0.3017724614030381,25.952249667019874,-81.72432190048835,4.53233904046204,15.060517855528785
08f2aac3a846d1ad03bdd573c3a2078d,Elkton Injury Resource,lawyer,services,229 E Main St,39.6102,-75.82391,39.6101354,-75.8238852,7.490772556875881,centroid,3.5089020475019312,0.14976484199202178,39.61015506234448,-75.8239552333321,6.385348713692043,6.3232275651694145
08f29a18d67ad770039dad16a0f8eb0d,CENTERcoffee,coffee_shop,food,10452 Louise Ave,34.2610151,-118.5106625,34.2610223,-118.5105512,10.259815594869213,nearest_edge,3.508649301282467,0.25620896506973023,34.26100200556973,-118.51060778856593,5.669023673513466,5.234590240930267
08f44f69027a986303c2790124a948e8,Lankford Monuments,funeral_services_and_cemeteries,other,220 E New York Ave,29.027801,-81.300393,29.027801,-81.300393,0.0,nearest_edge,8.6657262600104,8.6657262600104,29.027878932304326,-81.30039330708625,8.665728298151851,8.665728298151851
08f26653a97ab63003e359ea728ee94e,Minute Clinic,shopping,other,2340 W Sycamore St,40.48788,-86.16464,40.4880962,-86.164412,30.817498568087476,nearest_edge,4.719027410934805,0.34360840756041056,40.48817721436363,-86.16430902811159,12.529282334294347,43.30871548264611
08f2681a3191b11203efb65a10ef1d15,Phoenix Asylum,event_planning,other,2510 47th St,40.0260266,-105.2432938,40.0261005,-105.2433072,8.29613990146564,nearest_edge,6.783768697638672,1.1842314236796359,40.02607990751585,-105.24327713853828,3.434380998254092,6.094934460326855
08f276acc1c1b5810308764740dc52db,Wittock Kitchen and Bath,kitchen_supply_store,other,1100 Gornick Ave,45.01527,-84.68138,45.0156644,-84.6817461,52.454052333655696,centroid,4.049931051656605,1.1383882513323167,45.01560407233828,-84.68159348481417,13.744506514615807,40.76168975989771
08f260e273a6d3a20395d2a61c206f77,Malibu Custom Framing,arts_and_crafts,other,301 N 78th St,41.2614948,-96.0358357,41.2616158,-96.0357821,14.180908232957687,nearest_edge,3.6027843561975263,0.904342762121603,41.261618760702476,-96.03567104271929,9.288659283840929,19.478564163772976
08f27905b12ab253036f3d6a207b1758,Volk Photography,professional_services,services,300 29th Ave NE,47.53213,-111.3075375,47.5320503,-111.3075295,8.88256457306446,nearest_edge,3.6667460820078053,0.11692202753255304,47.532053287578265,-111.30755913717357,2.2497128200487,8.683331604642255
08f2601b921984550352a75d1877bed7,Triangle,bar,food,108 S Washington St,42.8155897,-95.9734255,42.8155622,-95.9735033,7.044190565441616,nearest_edge,1.4140939979462201,0.3274246269754095,42.81553313894291,-95.97353019644744,3.905790054079069,10.605763578207275
08f2a106b3bb015103fa4937f80d505f,Bill's Luncheonette,breakfast_and_brunch_restaurant,other,160 E Front St,40.619528,-74.4228149,40.6194771,-74.4227505,7.847194268378811,nearest_edge,4.38055084948172,1.0612973989220553,40.619497123908495,-74.42278979377132,3.994581225498097,4.034548923769939
08f29a1d758809b103eb77767b098582,Good Guys Fabric,fabric_store,other,737 Ceres Ave,34.03705805540085,-118.2441946864128,34.0371559,-118.2442859,13.74815248324711,nearest_edge,3.3908783109165372,0.5457005957410173,34.037143876559725,-118.24431695055848,3.158088635435228,14.764434602451958
08f26051238ec6260310bc3590e56ac5,Lolkus Outdoors,hunting_and_fishing_supplies,other,750 5th St,43.9351795,-95.9483102,43.935108,-95.9482002,11.865639597752427,nearest_edge,6.14325089216646,1.0466671349747712,43.93506450799959,-95.94821502014943,4.979563826219232,14.885630545852655
08f283035a5517a803d519edc5e95aee,McDonald's,burger_restaurant,food,50 Mission Cir,38.457976,-122.673471,38.457976,-122.6734871,1.4018721338998834,centroid,1.9480298129115234,0.30603692950295885,38.45797479644096,-122.67343432247449,4.59743542058132,3.1964178576241733
08f28d558c2cb2ea0339dc9eea8f2d5d,Woodside East Apartments,accommodation,lodging,16240 NE 14th St,47.6228798,-122.1226314,47.6228798,-122.1226314,0.0,nearest_edge,10.647593085578752,10.647593085578752,47.62278408772369,-122.12261283879194,10.733248355836825,10.733248355836825
08f26ee2d116392903638f3a4cf33ab4,Taco Mayo,fast_food_restaurant,food,425 S Utica Ave,36.154934,-95.9667418,36.1548279,-95.966723,11.917912510400244,centroid,1.4417755545550066,0.2980750488904286,36.154810040765085,-95.96672249620224,1.9863713713754758,13.892170528769528
08f44a9971995b8d033809c3eb479d1b,Conroy Security LLC,professional_services,services,215 Avenue T NE,28.0440949,-81.7241838,28.0441884,-81.7241369,11.370002062786064,centroid,3.230141006875803,0.251752864209844,28.04417199912069,-81.7241288412991,1.9877982510848282,10.128559983575832
08f29a54cdadb88e03e0d2955507738b,Stay wavy,accommodation,lodging,800 Pacific Coast Hwy,33.65993,-118.0052,33.65993,-118.0052,0.0,centroid,2.3994033800458636,0.46174389382500114,33.65991796560238,-118.0051631079707,3.667298061802199,3.667298061802199
08f266d3704eab560309b6ff63d0c46f,Kroger,supermarket,retail,200 E Brannon Rd,37.9547512,-84.5360783,37.9546328,-84.5361963,16.744162337229096,nearest_edge,32.81743096953121,14.741654976398936,37.9547512,-84.5360783,16.744162337229096,0.0
08f262cb60b7206003eadb89bdc0b79f,Redbox,rental_kiosks,other,994 W Lyon Ave,44.443181,-92.275165,44.4432327,-92.2754976,27.022705445342137,centroid,2.489981748505011,0.42580559415818664,44.443256611226154,-92.27554068164571,4.332030933852359,30.98666445256752
08f26c844a18ea23039e673a96dcb2be,Journeys,shoe_store,retail,2201 S Interstate 35 E Ste M8,33.1907221,-97.1087374,33.1905178,-97.1088259,24.163762005260306,nearest_edge,16.693866080271604,2.7203636943441354,33.1907221,-97.1087374,24.163762005260306,0.0
08f44ae8ecc906430352b65d9d0f69ec,Zeidel & Co,clothing_store,retail,1007 N Dixie Hwy,26.721967,-80.0534792,26.7220221,-80.0535597,10.072800016078974,nearest_edge,6.002528664240549,0.3111817315206024,26.721995377420967,-80.05354390432542,3.3601314504630153,7.159265644301997
08f268c79236aa5203f03e01857e66a1,Forest Films LLC,video_film_production,other,350 W Henrietta Ave Ste 201,38.995187,-105.0565071,38.9953058,-105.0565688,14.24551634571415,centroid,2.077535340424506,0.43370376441058006,38.99527529833248,-105.05655656120696,3.5527242546008257,10.70843452001473
08f48eba5020da4003eefec7e4844ad1,T-Mobile,mobile_phone_store,other,937 N Dobson Rd,33.4339035,-111.8674586,33.4339539,-111.8674894,6.290938905577484,nearest_edge,8.790297695723005,1.2776140545260597,33.43390540704413,-111.86754484189983,7.4527528137490355,8.005592375662152
08f29a07a2d9484103364ddda43ca7da,Chateau de Swan,hotel,lodging,41569 Swan Dr,34.2481081,-116.8951768,34.2480505,-116.895209,7.055590956307027,nearest_edge,1.2059573104492831,0.5588445489372348,34.24806499050984,-116.89518152234167,2.995806220859912,4.8131680237658685
08f44422e64860d403029d18e7beaf64,Wendy's,burger_restaurant,food,935 Brookway Blvd,31.57852400129259,-90.4657816886902,31.5785046,-90.4658501,6.830218091133047,nearest_edge,4.608943243622242,0.4524778914391528,31.578514461467655,-90.46589480383514,4.374440300831275,10.767725580727992
08f2aae2c92e835c030d3d36c3cd22fd,Bobbie's Daycare Learning Center,day_care_preschool,other,12221 Greenridge Dr,39.2181474,-77.2545004,39.2182534,-77.2546198,15.64377202069734,nearest_edge,3.6274090932060457,0.27074229037483705,39.21824170095124,-77.25458968533364,2.902186421039114,13.004392116362414
08f2ad346409bc64034bbc482c561a1f,Little Caesars Pizza,pizza_restaurant,food,3482 Belle Terre Blvd,33.7321972,-78.9476656,33.7322563,-78.9475194,15.032294419021941,nearest_edge,10.634560163101787,10.634560163101787,33.732250509037,-78.94739082017362,11.907756886932262,26.092340355302508
08f29a0a58c1eb10034f20025a4378d5,PLPC,software_development,other,748 Epperson Dr,34.003007,-117.895942,34.0032605,-117.8955343,46.97862434170931,centroid,25.292355313820867,0.7631594772486319,34.003051618219644,-117.89557667088378,23.552706722685055,34.04007563307622
08f2a158e0d1e3630317e57d8183a2a7,Bloodline Sportfishing,hunting_and_fishing_supplies,other,352 W Lake Dr,41.0668083,-71.9381372,41.0670611,-71.9379602,31.786226112549066,nearest_edge,0.549427568607751,0.1535156932483318,41.06701911436559,-71.93802746775911,7.321070186686743,25.181969728062633
08f2748cd394444403c4a5883e348604,Trinity Health Lab - Walker,laboratory,other,1175 Wilson Ave NW,42.9853099,-85.7778123,42.9853923,-85.7777131,12.209088495232571,centroid,6.587433866699212,0.7306705352466119,42.985346988120554,-85.77770042657595,5.142831065803609,9.990900625585347
08f262eb19cea0b1036fe8dc1323076f,Insomnia Cookies,bakery,food,1600 Warren St,44.1459759,-93.9935291,44.1459778,-93.9934352,7.495247919833462,nearest_edge,0.9553949912282125,0.3192787870344546,44.14600053101885,-93.99344729041022,2.705413314549364,7.078878323009538
08f2aae82918c19b03298e6461f00482,D.M. Fetrow Inc,environmental_testing,other,1421 Conewago Rd,40.0570941,-76.8752874,40.0570366,-76.8754108,12.295570014581665,nearest_edge,3.3273770744261824,1.2934223651967407,40.05703659868525,-76.87543446211548,2.01386045950395,14.054873780190018
08f2ad344d098096034fe7f1a2af28a8,Kiefer Beach Homes,holiday_rental_home,lodging,6001 S Kings Hwy,33.6312199,-78.9592854,33.6312199,-78.9592854,0.0,nearest_edge,2.3366048968501447,0.30608027888802725,33.63122696896258,-78.95927714862908,1.0961056692267444,1.0961056692267444
08f289607080136e03c6ab4f3b743d94,Old Faithful Lodge Cafeteria,resort,lodging,725 Old Faithful Lodge Rd,44.459193243237536,-110.825172153689,44.4592057,-110.8252969,9.996953092044436,nearest_edge,10.634441503507494,1.8217426339738472,44.45924977553345,-110.8251968542129,9.330901456139271,6.584689578224436
08f268cccb54c54d0377d52348621419,SKECHERS Factory Outlet,shoe_store,retail,5050 Factory Shops Blvd,39.4162089,-104.8748037,39.4162089,-104.8748037,0.0,nearest_edge,16.05118682953319,1.6803211359604375,39.4162089,-104.8748037,0.0,0.0
08f489c03369686d039bc697982bc8d3,Brass,event_planning,other,85 NE I-410-LOOP,29.5213009,-98.4872806,29.5213009,-98.4872806,0.0,nearest_edge,0.6811025905124984,0.2568495639043312,29.52127607086977,-98.48726879847807,2.9877013276042113,2.9877013276042113
08f44a905639a0ad0340a3d4b9df9184,Law Office of Erin Morse,divorce_and_family_law,other,1030 N Orange Ave,28.5593675,-81.37757,28.559596,-81.3774721,27.14753630347058,nearest_edge,59.97134030504078,59.97134030382231,28.559907600000003,-81.3779733,59.97134030504078,71.82059439640291
08f48e854563625603ca7625b331449e,University Inn,hotel,lodging,950 N Stone Ave,32.2339139,-110.9715111,32.233923,-110.971605,8.889755715285684,nearest_edge,1.2757596801105475,0.7023332296567346,32.23386482352408,-110.97151747510051,10.469897321314726,5.489899890636064
08f29ab9ab06a58003908fcd74f70bea,Ipsos,advertising_agency,other,3402 N Blackstone Ave,36.781466,-119.788419,36.7815648,-119.7885746,17.68403079444613,nearest_edge,11.507019318617743,3.019480844640573,36.781613938567105,-119.78846237827595,11.390400415683535,16.89755949833623
08f27594c19a8ac903e585f684e3e4e9,Baseball Tap,pub,food,202 Walnut St,42.2361997,-88.9531606,42.2362712,-88.9532679,11.884546889638479,nearest_edge,4.103206015330406,0.35294654123746405,42.23626519221731,-88.95327958822759,1.1714075091764937,12.206254397591758
08f441a092b35a9e0379350d60cd0531,Piccola Italia Restaurant,italian_restaurant,food,37502 State Road 54,28.229761,-82.1964428,28.2297823,-82.1963704,7.47795053559899,nearest_edge,4.8455530697561295,1.4299980310330302,28.229768715011122,-82.1964088690466,4.060241303901231,3.433097856409656
08f26ed81859545a031d83f5c4ff358b,Muscle Rock Inn,hotel,lodging,25334 MO-39,36.6213079,-93.6159461,36.6212735,-93.6160266,8.139042260401945,centroid,2.735330716721734,0.45253833663815246,36.62126612460494,-93.61605139944719,2.360276349460883,10.482806844990659
08f275261a22e180039fd049890f5179,Radisson Hotel Minneapolis/St. Paul North,hotel,lodging,2540 Cleveland Ave N,45.017508,-93.185606,45.0175478,-93.1861854,45.75688410108939,nearest_edge,2.9477029833203154,2.219325337453374,45.01751093531947,-93.18618765020373,4.102979532059383,45.72041525832974
08f283409a36385d0319be9f4c7c7e08,The UPS Store 1330,printing_services,other,2059 Camden Ave,37.2622483,-121.9340496,37.2627905,-121.933996,60.47620022261604,nearest_edge,6.703989591677744,2.1623112123581456,37.26263764170719,-121.93356974339994,41.3746810965913,60.643293110587656
08f274c3013248c503234572f4fbd719,Crystal's Gardens Nursery,retail,other,5698 W kent Rd,43.509808,-84.594782,43.509808,-84.594782,0.0,nearest_edge,7.073230889886872e-10,7.073230889886872e-10,43.50980660430448,-84.59476242480237,1.5862489676425482,1.5862489676425482
08f2a100b2b8b3460342856dfec49792,The Concept Studio,professional_services,services,1 Riverside Square Mall,40.9058297,-74.0303779,40.9058844,-74.0302196,14.62797085688527,centroid,41.67389887495828,1.7683418441029695,40.9058297,-74.0303779,14.62797085688527,0.0
08f2a134e1506b1603a98b37b14e4364,Warby Parker,eyewear_and_optician,other,2000 Route 38,39.9409151,-75.0259048,39.9409151,-75.0259048,0.0,nearest_edge,52.565320929562084,3.7447013610364506,39.9409151,-75.0259048,0.0,0.0
08f2aa18a801edaa033f1cd43e866355,CDC Software,software_development,other,240 Market St,41.0014167,-76.4578766,41.0013954,-76.4576969,15.26493956561188,centroid,3.4968247496784453,0.40953141550720373,41.00141329996513,-76.4577470530251,4.655660692997538,10.877904652992976
08f298614d9728cd037aff5c9ccd2a44,H2O Environmental,garbage_collection_service,other,4435 E Colton Ave,36.2201815,-115.0775316,36.2200322,-115.0775034,16.793037699253503,nearest_edge,6.207673747956533,0.44883176613996,36.21998716030122,-115.07748897129639,5.172744142150987,21.945340324732435
08f264d125a25c5603bf1123a0b81781,Chuys Opry Mills Nashville,restaurant,food,168 Opry Mills Dr,36.2041242,-86.6917835,36.2041242,-86.6917835,0.0,nearest_edge,17.857705134542098,3.1416316262049855,36.2041242,-86.6917835,0.0,0.0
08f489c11a18e9a503b6c1208ae24280,La Regia Tortilla Factory,wholesale_store,other,1615 N Laredo St,29.4405149,-98.5047264,29.4404542,-98.5046553,9.641572264602166,nearest_edge,3.7133645013694823,0.4661405490666596,29.44045872499775,-98.50470873238322,5.198584530920216,6.476437902239821
08f2a1004b403bb103a759f641ef5e06,Vivo Entertainment,dj_service,other,534 Merrick Rd,40.65965,-73.68119,40.6596688,-73.681186,2.117518771115531,nearest_edge,0.8612773579897167,0.3694253610400836,40.659640719407726,-73.68116727847477,3.4990503744589687,2.176760680684234
08f280685c61ec5903053700d71a6e43,UScellular,mobile_phone_repair,other,"185 Boatyard Dr., Boatyard Shopping Center",39.421097,-123.806932,39.4210162,-123.8060576,75.64476231674165,nearest_edge,7.772244490662542,1.0258805277006469,39.42103929419868,-123.80608017332544,3.2177871525247417,73.45109778605784
08f446c35c774b8c0371b7129f98a492,Airi Ramen 1960,japanese_restaurant,food,3645 Cypress Creek Pkwy,29.9964235,-95.4818986,29.9964676,-95.4818155,9.385529292803781,nearest_edge,9.755564193881016,0.33078018410904964,29.99646528505647,-95.4817813936585,3.2945482200127607,12.206004441910952
08f44a18c1889b2b0382fd2e33ef5e11,Coconut Grove Sails and Canvas,professional_services,services,6986 SW 47th St,25.72607,-80.3079012,25.7260603,-80.3078261,7.59993746489148,nearest_edge,2.6327553228382263,1.2045527837529058,25.726064713858385,-80.30787419787085,4.843053100641796,2.7680199194370543
08f2752793c8baf403dcacca8c6a89c4,Starbucks,coffee_shop,food,11960 Business Park Blvd N,45.1729878,-93.3885075,45.1729755,-93.3882835,17.61230922271299,nearest_edge,17.183530724130588,6.339487247560091,45.172973507169765,-93.38850280518818,17.19253301025835,1.6313439533495033
08f489c1a2aa53ae03fb24c82cd62859,Discount Carpet Warehouse,carpet_store,other,2153 S WW White Rd,29.3919986,-98.4047948,29.3920033,-98.4049718,17.156107001848298,nearest_edge,2.795506937189778,0.6322243248842541,29.3920320610356,-98.40500824616038,4.76398600723758,21.011183197169785
08f28f33a3db146c03a65b2b1a2540a4,Quality Rentals,appliance_store,other,1405 S Gold St,46.700839,-122.957555,46.70124,-122.958534,86.95864940121633,nearest_edge,1.33531219108848,0.2831306368729926,46.70125781319253,-122.95838821737591,11.292132282819638,78.77834074452974
08f275931a56466503f71e0f71a17c67,Gino's East,pizza_restaurant,food,45 S Barrington Rd,42.0703881,-88.14231,42.0703881,-88.14231,0.0,centroid,3.032846418651332,0.5587124758313021,42.070415042831954,-88.14227348292837,4.249812595907685,4.249812595907685
08f44131b120909a03882fc6d8cb540c,"Law Office of J. Gary Shirk, PA",divorce_and_family_law,other,7400 Trail Blvd Ste 102,26.24487,-81.79986,26.24487,-81.79986,0.0,nearest_edge,8.367523329876862,0.6728066877755622,26.244868331458623,-81.79985232533353,0.7875760523128942,0.7875760523128942
08f44c2282cf0d93034d5bcf5d4f7592,"J. Michael Spence, Attorney at Law",lawyer,services,3523 River Watch Pkwy,33.5176335,-82.0763114,33.5177453,-82.0762068,15.766262761056613,centroid,2.5192548008995193,0.5744056338981333,33.517740034732924,-82.07621350757346,0.8540738902912186,14.92274174911281
08f28d542c826971033b48110cdedb63,"Zundel Law Offices, PLLC",divorce_and_family_law,other,1900 W Nickerson St,47.6057299,-122.3353859,47.6056811,-122.3353349,6.638080446740862,nearest_edge,2.4535840934664845,0.6426399717316713,47.60568767974108,-122.33533804132654,0.768603961300535,5.9087884275799
08f26aa5721346b403cc775d6e0c2fb1,Tolmar,event_planning,other,9351 Eastman Park Dr,40.4654642,-104.8824591,40.4657989,-104.881928,58.341564019820716,nearest_edge,5.546760444198822,0.48254081582154484,40.46582158595367,-104.8819857949686,5.501639047691013,56.413017767885975
08f265a48a5a535803dba6567fffcd87,Sales Team - Dependable Building Sales,construction_services,services,200 E Main St,35.470957,-93.459164,35.4708128,-93.4585256,59.99479953512548,nearest_edge,5.94122493971224,0.4677626009629151,35.470795526838074,-93.45846031940351,6.2158925080566805,66.20534322355678
08f44e50e584e983036dbff23cb8e7a1,Jonah Allen Art Gallery,professional_services,services,4771 E County Highway 30A,30.3121619,-86.0991371,30.3123286,-86.098999,22.78880435247597,nearest_edge,42.72136124640286,42.72136124640286,30.312718800000003,-86.09895589999999,43.585070315101156,64.32096918632038
08f2a13144ad68a20337ac8051670cb1,Broadway Giant Bagels Mule Road,bagel_shop,food,600 Mule Rd,39.9568,-74.24507,39.9568843,-74.2452551,18.351433322363345,nearest_edge,5.365388674775067,0.4878902101147276,39.95685767812194,-74.24521509955228,4.515184855723229,13.931490864762349
08f2aaaa6e8311980333ee0e21cc884d,Subway,sandwich_shop,food,1455 Old Bridge Rd,38.672542,-77.2617747,38.672542,-77.2617747,0.0,nearest_edge,4.231925903437472,1.0854379457262842,38.672525661292944,-77.26176276222776,2.0915853067859573,2.0915853067859573
08f2a1006ec40db0038f55769d177f4b,Omega,watch_store,other,"630 Old Country Rd, Suite Ste 1094C",40.7380655,-73.6128032,40.7380655,-73.6128032,0.0,centroid,4.6384049149916535,3.4018631423705066,40.7380655,-73.6128032,0.0,0.0
08f264905da9410103cbaf4291cfede5,Domino's Pizza,pizza_restaurant,food,119 US Highway 31 S,34.8005118,-86.952032,34.8003466,-86.9518389,25.461766873028967,nearest_edge,7.556528986478306,0.9414399258382687,34.80042186826773,-86.95189379378549,9.7555016612512,16.101040519775736
08f264a692d2d64503cdd25e8f2d2d83,SLS Distribution LLC,professional_services,services,8295 Tournament Dr,35.0578935,-89.7863052,35.0578935,-89.7863052,0.0,nearest_edge,3.99577360406521,0.668052636461043,35.05792589452338,-89.78626237225176,5.307668099857132,5.307668099857132
08f2b1a2914899a0034c4a08a3ac470b,White House Lumber,furniture_store,retail,1138 Old Augusta Rd,44.182011,-69.364772,44.1819225,-69.3646781,12.365518044369974,nearest_edge,5.410123090988503,0.3646766096588497,44.1819339491185,-69.36467068598063,1.4036609136083378,11.77597490255378
08f489e35ec0eb5c03e472d9a050ff61,EZPAWN,pawn_shop,other,5203 Cameron Rd,30.3103483,-97.7082552,30.3102881,-97.7081747,10.223729659445652,nearest_edge,5.133120827131445,0.3878009106293127,30.31029504325291,-97.70821475559198,3.921885030623147,7.081115533458835
08f2ad2968d54c6203888cf63a084922,Smithfield Packing,professional_services,services,15855 NC-87 W,34.7482653,-78.806011,34.7489088,-78.8052546,99.47813715504327,nearest_edge,30.529182194902425,5.636043153746003,34.748851434933805,-78.80554916748271,27.658514357924894,77.64173816589356
08f2a94d0609b76b033c3fa52be5f414,Jake's Saloon & Sports Pub,sports_bar,other,2520 Dorr St,41.6530229,-83.6035829,41.6529648,-83.603953,31.420376206933934,nearest_edge,0.5337356477408406,0.2269350967456343,41.653016282691986,-83.60386178211445,9.497751495995178,23.1820439769199
08f29a02c69b2cd003e81b6f094ff7a7,Mexico Lindo & Seafood Restaurant,mexican_restaurant,food,4359 Phelan Rd,34.4256984,-117.5668603,34.4256431,-117.5666565,19.678013306433147,nearest_edge,11.481900069354229,3.461481438937028,34.425703858309205,-117.56670558897126,8.118857104548889,14.20310752144605
08f264a84105b663035b3fedc120a1e5,Sands Florist,flowers_and_gifts_shop,other,18 Old Hickory Cv,35.6570323,-88.8498833,35.6570759,-88.8497063,16.710362521251874,centroid,1.6476537337343902,0.41229632510760766,35.65708875716683,-88.84968429359257,2.448876249776871,19.044308773946252
08f44f055bd06889038fa1dd2bc20326,Hyatt Place Jacksonville / St. Johns Town Center,resort,lodging,4742 Town Center Pkwy,30.256515,-81.529048,30.2569158,-81.5302684,125.40297091434444,centroid,9.236880462968646,0.8146246574654619,30.256864399999998,-81.5301146,15.839211207984725,109.56406906936893
08f2664c1a80e2b40366270ecb487848,Expansive,professional_services,services,100 S State St,41.8806295,-87.6281024,41.8806075,-87.6281413,4.0442356311299585,nearest_edge,3.6096382974297274,0.14548071394435827,41.88060235331444,-87.62815593659282,1.3400890906778085,5.362503699902352
08f44d92f111002b0375aaf772ecf120,Leo's Pest Control,pest_control_service,other,2516 Wesley St,36.3549,-82.37159,36.3549842,-82.3715082,11.887778966102953,centroid,5.430935070888976,0.359412644971522,36.35494526206221,-82.3714900464559,4.624842072648349,10.26894835280995
08f266d4ac8d8a63033f8e1290f01f5b,AT&T Authorized Retailer - Forest Springs,mobile_phone_store,other,12923 Factory Ln,38.28890180632997,-85.51061769036785,38.2890302,-85.5105386,15.857883557446362,nearest_edge,4.10180000480464,0.5666390815592097,38.28900703178672,-85.51055080898162,2.7878579367358736,13.075744962757675
08f2a9372849268a03133a48f2461dbb,AT&T Kiosk,mobile_phone_accessories,other,1100 HANSEL Dr,39.0202602,-84.6337846,39.0202602,-84.6337846,0.0,nearest_edge,12.648294561075316,1.5201234770597256,39.020227094898246,-84.63388198713092,9.18334118202118,9.18334118202118
08f2aa591cc656080320b78731b38c9d,Forest Lake Campground,campground,outdoor,574 Ostrander Rd,42.0942589,-75.5987327,42.0942489,-75.5987354,1.1340469467149892,centroid,2.6683337322620084,0.14515056435279222,42.094260110610556,-75.5987358885751,1.2472146962937827,0.29553212639244325
08f2a992cc158b310326e9972f47c7a4,Blue Bear Mountain,campground,outdoor,196 Blue Bear Mountain Rd,36.3037624,-81.65613,36.3037689,-81.6561407,1.2007322748440277,nearest_edge,13.999187491243141,13.999187491243141,36.30378353951656,-81.65623271126225,8.404357713609178,9.49945671497035
08f4898ca02e882e0396569af5a9960f,Great Rate DJs Austin,dj_service,other,104 Varco Dr,30.334784,-97.955696,30.3347539,-97.9557309,4.735042014542176,nearest_edge,13.814591674026008,13.814591674026008,30.33487673431252,-97.95577469113731,14.29050739784948,12.781338105033964
08f44cd112499894031885d6e977f8b3,Gourdneck Cove,hotel,lodging,,35.0750826,-85.8069102,35.0750821,-85.8069162,0.5488346712648239,nearest_edge,8.14898465619226,8.14898465619226,35.07504031673873,-85.806833,8.883220611833705,8.453481528645533
08f44c03b3c4b74803fa95331a31b13b,El Tequila,mexican_restaurant,food,168 Garrett Way NW,33.0965509,-83.25731,33.0965509,-83.2572631,4.368909775324272,nearest_edge,4.873063265532915,0.5045712858105734,33.09655997990095,-83.25728154304375,1.9927433064444613,2.8366335418942006
08f441a972188d1803bf05b8e3d9a105,Lorelei Resort,resort,lodging,10273 Gulf Blvd,27.76448567,-82.7667395,27.7644726,-82.7667771,3.9747973941513948,nearest_edge,3.1947923528659152,0.2987874784976568,27.764483585135583,-82.76677479662466,1.2423385364498722,3.480671181636973
08f2a307469246a80307a3da7e68ff62,Bob's Discount Furniture,furniture_store,retail,263 Broadway,42.4912917,-71.018024,42.4913224,-71.0181326,9.536356076462368,centroid,4.2287903778640805,0.15318903371162296,42.491326472867875,-71.01823554449123,8.452855471080309,17.770885976623966
08f264d00e58ec9c03066bf2205627f2,"Beal, Nations & Crutcher",divorce_and_family_law,other,1600 Westgate Cir,35.967057,-86.8028157,35.9670711,-86.8027808,3.5104392687466173,nearest_edge,7.052147002417454,1.2451560597099762,35.96708817735123,-86.80281214880385,3.4008008697376133,3.4814634755151155
08f44c8645a0da92031ef0c62c8c52cc,Los Primos,texmex_restaurant,other,1712 S Roane St,35.9116312,-84.5845913,35.9116584,-84.584657,6.645091827296693,nearest_edge,4.612412375524463,0.9505362103611529,35.91164248728973,-84.58463045458643,2.974235688633671,3.7429364873327255
08f28341a635159c036d95a5cf695a4c,Verutti Liquor,liquor_store,other,1125 41st Ave,36.9686786,-121.9650591,36.9686582,-121.9651315,6.820344899847875,nearest_edge,3.6100137633924567,0.9428126655769096,36.96869241624253,-121.96512632615456,3.832337431208031,6.166851076365763
08f265b02db0c93203bffca9a27c2ec0,Big K's Catfish Barn,restaurant,food,401 N Anderson Rd,34.8237898,-91.6386699,34.8236445,-91.6385479,19.62279764684897,centroid,10.888740813634433,0.8383100042444468,34.823671525620654,-91.63853658535172,3.1776420099025287,17.91787329283757
08f44d075a9a3658036bc19f809d154f,CVS Pharmacy,pharmacy,retail,1506 E Montague Ave,32.8822184,-79.9930258,32.8821542,-79.993172,15.405959082361454,centroid,8.700705347362907,0.08048079817648081,32.88214155521116,-79.99312207487141,4.869434624643526,12.40306203848846
08f44ad8c68507a8037735bc77ec3f05,Toby’s Rv resort,campground,outdoor,3550 NE Highway 70,27.2162835,-81.8151133,27.215841,-81.8153574,54.80544176224058,nearest_edge,4.441240529308275,4.441240529308275,27.21591911697354,-81.81528482432101,11.26738605559025,43.92435552033154
08f44c57614e066b034936fd6fbb52b4,Caldwell And Irvin,lawyer,services,404 S Church St,32.8839667,-84.327282,32.8839532,-84.3274349,14.356250458437744,centroid,2.4863772797832513,0.5541868770118971,32.88395198396392,-84.32740436473098,2.854538368520481,11.542795742325735
08f29a1d757754ea0332f1270404dc2f,Peking Tavern,chinese_restaurant,food,236 S Los Angeles St,34.0494296,-118.2438847,34.049454,-118.243756,12.163719566295226,nearest_edge,3.9664913756128937,0.2438465007618638,34.04940553662385,-118.24376233749243,5.420420685181326,11.586582977529162
08f2836ad5d7590603f20d31248711ae,All-In Machining,machine_shop,other,157 Sloan Ct,37.7682083,-121.4276718,37.7683779,-121.4277013,19.036091640572337,nearest_edge,9.341788698860565,3.09510516081053,37.76832481639763,-121.42766602424801,6.667483731477835,12.965975252895383
08f44a9642658c8803a561ecc750e2e3,Highspeed Animal Trapping,pest_control_service,other,2072 W Canal Rd,28.9222065,-81.1896074,28.922338,-81.1897657,21.24087802354382,centroid,1.3662214843884994,1.0499574713446866,28.92231966412356,-81.18973594202077,3.5419063802348534,17.74407000780997
08f44e5ac63025a6031ebef7af5ce791,Jewel In The Sand,hotel,lodging,114 Sandprint Cir,30.3843409,-86.4777388,30.3843849,-86.4777415,4.899426871932388,nearest_edge,3.6167909303701697,0.47740191249138897,30.384386241443295,-86.47774654205837,0.5061258322369652,5.096139446793533
08f29a07a62817730302a63090031200,Cabins4Less,hotel,lodging,40849 Pedder Rd,34.2417063,-116.9109587,34.241693,-116.9106543,28.0200058390694,nearest_edge,21.33323917823379,21.333239176867224,34.24184939999999,-116.91088650000002,27.532114944405027,17.240586769289962
08f2a1380a48593603ab50ef9c0d6d7a,New Jersey State Funeral Directors' Association,funeral_services_and_cemeteries,other,1977 RT-34,40.1515999,-74.0972747,40.1516137,-74.0974437,14.445185256403311,nearest_edge,32.579787664539424,32.579787664539424,40.1517103,-74.0978056,32.579787664539424,46.761705417331896
08f28ac808b6d62903a342e7ce0a59e4,Drake Peak Lookout Cabin,hotel,lodging,NF-3819,42.300516,-120.1578736,42.30052,-120.1578696,0.5532182003288693,centroid,0.7736396303886786,0.24538241557271706,42.300532054610926,-120.1578617499795,1.4877868809023986,2.0338893538286134
08f2a10a9446365e03da452ad2e58a68,Sushi.Com,noodles_restaurant,other,978 Broadway Mall,40.7720798,-73.5320206,40.7720686,-73.5320421,2.19747539083855,nearest_edge,12.752416359375761,2.599043172176586,40.7720798,-73.5320206,2.19747539083855,0.0
08f4880d8ec6476a0305a636ddee7ceb,PMDG Marketing Communications,advertising_agency,other,901 Victoria St,27.5077734,-99.5049727,27.5077175,-99.5049955,6.610027675085803,nearest_edge,2.593020709563384,0.515687992765327,27.50772324699191,-99.50501710650497,2.224680722122985,7.090891920221928
08f446ca107320980360538745e5f994,Kyla On The Go Westbury Notary Services,notary_public,other,12413 Hillcroft St,29.6412157,-95.4926648,29.6411807,-95.4927292,7.340491133852669,nearest_edge,73.13182225809601,73.13182225809601,29.6411758,-95.49348589999998,73.1324887853988,79.47824410329059
08f489e346b8401503461b9aebb3a215,Gennovacap,web_designer,other,801 Barton Springs Rd,30.2589384,-97.7524675,30.2589755,-97.7525802,11.583786607318396,nearest_edge,12.020644774376583,1.2691468582044065,30.258946037156434,-97.75258929710336,3.390629156929291,11.728832853971838
08f29b6d1850a1b103ec52a03b37d9a9,Hansen Mortuary,funeral_services_and_cemeteries,other,8314 N 7th St,33.5587485,-112.0659841,33.5587887,-112.0656917,27.46030224250956,centroid,2.157962417421895,0.39213689311996447,33.5587572700347,-112.06576263765284,7.444476125624521,20.544056352702288
08f44de4f20da7a403b6e4e2fc35eaac,Golden Dragon II,chinese_restaurant,food,111 N 4th St,34.3757387,-80.0709449,34.3757785,-80.0708001,14.00655703232318,centroid,6.041882094274379,0.46942961352526863,34.37580123899733,-80.07084648011718,4.950878401455099,11.399304911929287
08f29a56736714880313f8dfb2b06f79,Nigel Villanueva,lawyer,services,220 S Pacific Coast Hwy,33.8394791,-118.3853271,33.839439,-118.3852976,5.225444626477601,nearest_edge,6.137602096460418,0.09279653101539245,33.8394556446741,-118.38531626056486,2.5289924677024884,2.7936511223697793
08f26ca0d55a61680327a670665934f8,MrJims.Pizza,pizza_restaurant,food,1100 SE 1st St,32.8082371,-98.1037085,32.8081018,-98.1037809,16.496241057619876,centroid,1.4581178678143698,0.6422725762204544,32.8081302261823,-98.10378848176421,3.239295957055565,14.03923631244479
08f274c4e80291a5037429a164b11a39,Bulldog Party Store,convenience_store,retail,1709 S State St,43.6755155,-85.4831668,43.6755136,-85.4827511,33.432550921541626,centroid,5.121742964673935,0.43790241142564973,43.67553062826291,-85.48275990918798,2.0216567216820454,32.76662537065127
08f266d32abaa11803e0d41579b1f299,Redbox,clothing_rental,other,3735 Palomar Centre Dr,38.0047308,-84.5718575,38.0047308,-84.5718575,0.0,nearest_edge,24.25853043380052,3.6351859524553998,38.004593199014344,-84.57204007956469,22.136258947233628,22.136258947233628
08f44d5ce060395903a3c4e542d378f8,Advanced A/V Rentals,event_planning,other,2604 Causton Bluff Rd,32.0662714,-81.0472546,32.066326,-81.047437,18.22839654527621,centroid,2.122519130153485,0.4629643890998179,32.06631471351798,-81.04758606800121,14.10268625732554,31.60350777197127
08f26e51319882d2035e864bfa197b56,Rustic Creations and More,arts_and_crafts,other,839 SW Fairlawn Rd,39.0530757,-95.7436789,39.0531007,-95.7437245,4.819959161588697,nearest_edge,3.1646055567539215,0.10039031310408514,39.05309452829421,-95.74370823356934,1.563286852701104,3.2861882771680953
08f44c174d4566a303b260efbcaff2e1,Walgreens,medical_supply,other,2075 Lawrenceville Suwanee Rd NW,34.0017979,-84.0395074,34.0019469,-84.0393706,20.821318096400326,centroid,4.365130843114235,0.4003826783600356,34.001860127773355,-84.03939171410994,9.842986757950117,12.712373996430696
08f270bb0a61c1210318c322ad9453df,Hwy 73 Tavern,bar,food,2600 Highway 73,47.30483,-93.02224,47.3048341,-93.0222682,2.174634076223219,centroid,1.6513501803205048,0.3571803970758453,47.30482052801206,-93.02227578695425,1.6139236304917535,2.8966405783197167
08f2b8bd6297249503aca0a3f8a4bcbb,"Michael N. Kalil, Esq. LLC",divorce_and_family_law,other,1602 Sunset Ave,43.093135,-75.253608,43.0931061,-75.2535704,4.432630724985043,centroid,3.4124040986650557,0.6538030005648633,43.093138251788154,-75.25355050490847,3.923161738238322,4.6825507152601595
08f4440cac4dc519034a2647a4c81576,Radiant Health of Baton Rouge,health_food_store,other,7809 Jefferson Hwy,30.428128,-91.1066354,30.4281552,-91.106566,7.309160056055472,centroid,3.2722019024637574,0.33532997693447375,30.4281383389611,-91.10656331751939,1.892420846603386,7.006197728098047
08f44f6a95c9b02103105fd40c76bfe4,Flagler Habitat ReStore,furniture_store,retail,5 Hargrove Grde,29.5551211,-81.2687104,29.5550698,-81.268693,5.947407784893894,centroid,2.615295191090461,0.23680105338030027,29.555112538760003,-81.26871826777423,5.343978906423632,1.218767435419957
08f44dd4d125146c032d6ebce8467477,Food Lion,retail,other,11153 Asheville Hwy.,35.036747,-82.077913,35.0368305,-82.0780122,12.952886809712064,centroid,1.5510187064278735,0.18548713289823993,35.037050329380975,-82.07801970546839,24.45346130451717,35.09992169454956
08f44dd48eca9d95039aede80a193597,True Value,hardware_store,retail,100 S Blackstock Rd,34.9348816,-82.0032554,34.9349184,-82.003305,6.09816511096274,nearest_edge,4.345673283762537,0.6216965619038736,34.93489506689784,-82.0032926246231,2.8291674822423984,3.709041251367933
08f5d1151a5039630335512ed58ecdd7,Terminix,pest_control_service,other,16-164 Kalara St,19.6371878,-155.0516518,19.6370918,-155.0517832,17.4161149442228,centroid,1.850216242792235,0.8622240787900954,19.63713905359676,-155.05178330289579,5.254371275380155,14.800284815522307
08f44c05a9d85d4e03cde841f1c8d3d3,The Cornbread Cafe,cafe,food,111 E Court St,32.7305391,-82.7193182,32.730688,-82.7193021,16.6252744619517,centroid,2.3409179337054744,0.36709029154600686,32.73066357151736,-82.71931850243284,3.1196820492178836,13.840630153143325
08f2681b4e66d58c03b6d65162bf0df7,Redbox,rental_kiosks,other,1891 State Highway 7,40.0022487,-105.0100064,40.0022495,-105.0100041,0.21515844466244435,centroid,6.752022426328506,2.336270610493706,40.002178034838025,-105.01000508011842,7.947001959508654,7.858411726803078
08f446c131498ce303ae88cb34142137,Best Storage,storage_facility,storage,3817 Gulf Fwy,29.447972,-95.074934,29.4479451,-95.0750078,7.746728013462051,centroid,0.3334346516552628,0.32631168544103667,29.447914052834967,-95.07496663974817,5.27280752807046,7.176793527710461
08f264e920322773037776c0c8fe6fe2,Classic Trains & Ferraris,toy_store,other,3125 Lone Oak Rd,37.0353568,-88.6671459,37.0355003,-88.6673176,22.06545187298916,centroid,1.5043685986413986,0.6895907801958527,37.035565338871635,-88.66731072717279,7.257677192828092,27.41818669258758
08f2a30294c15c2503fd7cb51272a73d,Lexur Studios Films,event_photography,other,4 Seafoam Ave,42.37772,-70.97449,42.3776467,-70.9745061,8.257181304663034,nearest_edge,1.9666236866613132,0.10645444489734632,42.377654060608265,-70.97453034677554,2.1532854214461583,8.046345275446734
08f44db4d2c538c903549fabbf097717,Champs Sports,sporting_goods,other,3320 Silas Creek Pkwy,36.0702136,-80.2996884,36.0702136,-80.2996884,0.0,nearest_edge,22.10398815552653,10.742736627939156,36.0702136,-80.2996884,0.0,0.0
08f264db36b0956503da2e0fb3a43027,Hampton Inn & Suites Lebanon,hotel,lodging,1065 Franklin Rd,36.183534,-86.321248,36.1834517,-86.321197,10.23219089931828,nearest_edge,4.48269804428043,0.7662824439620092,36.18344647735654,-86.32122901152214,2.9311029093966092,9.88015878943619
08f29aac89a5ca8603e3037ac2c12c9e,Jersey Mike's Subs,sandwich_shop,food,1900 S Main St,36.5840357,-118.0580553,36.5839625,-118.0579668,11.344249748273285,centroid,2.26281249759148,0.17415637788113283,36.58397770534122,-118.05798189393683,2.162166673739768,9.194793136268318
08f264d10e4998140334ab60d1b30387,Nashville Daily Spirits,liquor_store,other,708 Thompson Ln,36.112259,-86.7640078,36.112376,-86.7640507,13.568574585294659,nearest_edge,2.825109974557812,0.5484434216374372,36.112364963031695,-86.76405546119382,1.2996465243501922,12.536310080225572
08f2a9b91430cc800372302ee7a173ee,double kwik,convenience_store,retail,1766 Highway 119 N,37.12361621,-82.78298918,37.1236568,-82.7829141,8.042427173070777,nearest_edge,2.370936561592812,0.6988276063798224,37.123606783892185,-82.78295515282406,6.646677010163449,3.1937272639425647
08f262dd9ba70a08035cffb4a82a23e2,Strut,advertising_agency,other,300 1st Ave NW,44.0264703,-92.464114,44.0264505,-92.4641261,2.40482582439763,nearest_edge,6.1192988841936575,0.35345228149642033,44.026416132188906,-92.4641035124691,4.226741747803666,6.081269189824266
08f2759c1b245d4603609f2255107c91,La Michoacana,ice_cream_shop,food,229 E Walworth Ave,42.6331511,-88.6459369,42.633232,-88.6457599,17.046583148112322,nearest_edge,1.9912918357630658,0.9054635741092091,42.633256112793184,-88.64574217275891,3.0482841819594197,19.751303842926404
08f279b03339454003cf217e4fa63784,Liberty Ranch Campground,rv_park,outdoor,1013 Crest Ave,44.3729559,-108.0471593,44.3728044,-108.0471513,16.858027522907886,nearest_edge,8.78792678464094,8.78792678464094,44.37284635236811,-108.0471465129425,4.680381861826461,12.223467425593286
08f446c1a11aca4a0343feecf4e89523,Shipping Containers Depot,professional_services,services,4823 Chase Wick Dr,29.49849,-94.98568,29.4984877,-94.9857015,2.0964405708807723,centroid,1.8283366351679582,0.20619699377262324,29.498472153717643,-94.9856959552841,1.810042561684618,2.5144269218988042
08f2675162b360a8039ca870855c8d8d,Sunnyfield Greenhouse and Garden Center,nursery_and_gardening,other,2440 E 2550th St,41.1844849,-89.9444844,41.1844849,-89.9444844,0.0,nearest_edge,11.491977275823967,11.491977275823967,41.1843904,-89.94453999999999,11.491977275823967,11.491977275823967
08f28d5c1ca5ac8e03a76327e1c6c641,Dash Point State Park Campground Entry,campground,outdoor,5700 SW Dash Point Rd,47.3170809,-122.406626,47.3185538,-122.4073502,172.63791694773718,nearest_edge,34.128121919320606,34.128121917329295,47.318393921521064,-122.40655911856021,62.22648193408481,146.0883553842934
08f2b8cb46b9dd52033c26958a790691,Casella Waste Systems,garbage_collection_service,other,357 Avenue C,44.4654794,-73.1272269,44.4653205,-73.1275461,30.884208208557716,centroid,4.32836624842144,0.7535751293953756,44.46539090002054,-73.12757905466442,8.25340636776115,29.627900861231637
08f266a5095194f4030fa4944d5c4bb4,Bud's Hardware Store,hardware_store,retail,413 Main St,37.9325016,-87.8960829,37.9324762,-87.8961017,3.270409718939859,nearest_edge,2.4731513767282816,0.35908827526277015,37.93246643452531,-87.89612157577456,2.053721015814819,5.1764354537168344
08f2655cc3033164034b93fb99f8c768,StorageMart,self_storage_facility,storage,1820 W Business Loop 70,38.9680207,-92.3664256,38.9674639,-92.3657282,86.42057236033278,nearest_edge,55.469410715484976,55.469410715484976,38.967700496504754,-92.3663903849952,63.0043177603721,35.73492902625605
08f444dae300d8e803adcb883a790aaf,Metro by T-Mobile,mobile_phone_store,other,1401 S Jefferson Ave Ste 100,33.1420202,-94.967641,33.14211,-94.9676155,10.26367766682829,nearest_edge,6.179814192237502,0.2503210980819116,33.142088177471784,-94.9676427367835,3.509831420834337,7.560479454915976
08f266b07605acc6038b593fe0c5eefa,Employment & Training Office,employment_agencies,other,803 Chestnut St,36.992838,-86.438665,36.992838,-86.438665,0.0,centroid,3.7890734941860775,0.8561543056856994,36.99288227576948,-86.4386280134139,5.918504324840868,5.918504324840868
08f26557ad188a0403c4449507074c1e,United States Postal Service,shipping_center,other,2922 Main St,38.54151641027874,-92.36484736204147,38.5415164102787,-92.3648473620415,5.38791252404823e-09,centroid,1.3086446364983637,0.10696065220850651,38.54151445991024,-92.36483937386491,0.7278090886180348,0.7278090867140016
08f441319077160103f14be3de2aa2a3,KYZ Law PC,business_law,other,5660 Strand Ct Ste A102,26.274366,-81.744246,26.274366,-81.744246,0.0,centroid,0.1684717259020398,0.16846958471519113,26.274360244584035,-81.74418248218159,6.365409875868062,6.365409875868062
08f274b0e8481d1503125256b6a2eaa4,Blackopsairsoftandlasertag,event_planning,other,2624 Peddlers Village Rd,41.6081115,-85.880185,41.6079992,-85.8804888,28.176372960692714,nearest_edge,2.7551630250377426,1.1360293386370213,41.60802302581055,-85.88045518199813,3.851111789051544,24.523026310201246
08f260a7434dd2920366c4f0cec509d0,Holiday Inn Express & Suites Beatrice,hotel,lodging,4005 N 6th St,40.3077789,-96.7478494,40.3076725,-96.7482169,33.33256215598904,centroid,2.7714734845406963,0.7757063979220226,40.307737488027996,-96.7481240835368,10.684708177616152,23.742643158323745
08f2a30d5a2642830391da71c64e6845,Raef Granger,professional_services,services,155 Fleet St,43.0770043,-70.7591796,43.0770043,-70.7591796,0.0,nearest_edge,9.169901267742555,0.9659409167529347,43.076980369489014,-70.75919964582414,3.119534931067444,3.119534931067444
08f2888a71cdc41303f2b7ccddd07e4c,Upchurch Vineyard,winery,other,32901 Vineyard Vw,46.2598053,-119.4609101,46.2598238,-119.4607921,9.302031500482506,centroid,0.9322417894997763,0.15261170779394792,46.25981757593047,-119.46080105362374,0.9761152551553297,8.49377769628453
08f489c0907b472c03e4fb9b01fc152e,Boss Products,shopping,other,6729 Guada Coma Dr,29.6105493,-98.285823,29.6101412,-98.2859196,46.329606302227525,centroid,2.418774389887678,1.6896195746375826,29.61033156389015,-98.28575109372497,26.710123373938586,25.18932577816211
08f12db0c2a0b692038632ab1b6f87f4,Exxon,convenience_store,retail,9914 N Wall,47.74744460670505,-117.42166148404408,47.7474446067051,-117.421661484044,9.482960887130468e-09,centroid,2.893484557755939,0.34316162812261153,47.747447389735434,-117.4216426703183,1.4402919531376541,1.4402919617853898
08f44c13208a677503951857b8d6c16c,SearchNom Agency,marketing_agency,services,2625 Piedmont Rd NE Ste 56109,33.82771,-84.36572,33.8278504,-84.3653552,37.137815825358935,nearest_edge,15.584104745696804,2.6202442361896994,33.82767629026519,-84.36552745014075,25.059389716769992,18.176774779919597
08f2664c1e2aa55a03698a88b64cd513,Libra Hotel,hotel,lodging,300 N Michigan Ave,41.8870506,-87.6250229,41.8869528,-87.6250444,11.019540992604174,nearest_edge,3.8022285282024164,0.2762881037850505,41.88695624917961,-87.62505655501792,1.076816317022016,10.85494084727444
08f0c146600a077203e8ef1c8f05f161,Safeway,retail,other,4th & Bering St,64.501067,-165.4081247,64.5007333,-165.4078082,40.07962050219268,nearest_edge,1.2550774092572436,0.18352727859639437,64.50079519798095,-165.4078101848245,6.883397213625604,33.76535407126032
08f26e51302a39350354a9e2e0757f72,Quik Print Topeka,printing_services,other,6300 SW 9th Ter,39.05208,-95.7658773,39.0522758,-95.766049,26.340885862303896,nearest_edge,2.74385064102324,0.5443425242910643,39.052293278378365,-95.76605865798338,2.114883685719162,28.419582849060326
08f2a1a4b496dcd303abc27c49df82d7,OC Beach Vacay - Boardwalk Condo Rental,holiday_rental_home,lodging,1201 Atlantic Ave,38.3419413,-75.0796633,38.341975,-75.0796257,4.979473023553185,nearest_edge,4.732834541339343,0.5065216492395587,38.341954718741476,-75.07964397328224,2.7614420424260935,2.251083649724002
08f2a149301662aa03d5f5baa76068e3,Redbox,video_and_video_game_rentals,other,74 W State St,42.2470793,-72.5436689,42.2466187,-72.5432156,63.36660131168607,centroid,0.601713928651807,0.16420365100875486,42.24662607567917,-72.54334447850266,10.64001970191836,57.034060250954
08f2675dae30396303aa2a5c79717f2f,AmDesign,jewelry_store,other,4620 E 53rd St,41.577655,-90.505831,41.577655,-90.505831,0.0,centroid,3.2030936342379888,0.10824981629556435,41.5776428936506,-90.50586280334305,2.968221023094299,2.968221023094299
08f29a1d75adeb6c032b918f7b955b04,STK Photo,professional_services,services,650 S Hill St,34.0458034,-118.2538661,34.0458123,-118.2540056,12.890880074081148,nearest_edge,5.479259108961205,0.3514668681384883,34.04582901442583,-118.25399279278544,2.201505431717101,12.015301149061342
08f44442a48a2d06031f93035eb8b879,Bayou Sneaux & Snacks,restaurant,food,1001 Parkview Dr,30.0018419,-91.800429,30.0019069,-91.8002252,20.91370936424648,nearest_edge,2.050630395162232,0.14049221281172583,30.001910315363254,-91.80020102526348,2.358699066375797,23.233766421605665
08f267184eb350d803674ef99ac0f071,DG Market,retail,other,671 S McKinley St,40.2938,-90.0543,40.2935177,-90.0542839,31.420013230932415,centroid,4.287351307961824,1.0624414560341608,40.29344839361718,-90.05430377330617,7.888687079294852,39.09815569487662
08f48e96eba12ad803ada08c43834f2f,Phoenician Concepts,retail,other,"1300 S Litchfield Rd, Ste 110-M",33.4324117,-112.3594753,33.4326534,-112.3591266,42.06363042658596,centroid,13.63603194276114,3.5863793504212866,33.432673053280745,-112.3594108419539,26.466873647381234,29.670334286530224
08f489bd9a3199090304afd3812cced1,Subway,sandwich_shop,food,2805 S State Highway 36,31.4254223,-97.7132331,31.4254223,-97.7132331,0.0,nearest_edge,20.318050773290377,1.3485498486182839,31.425415410245503,-97.71333284412736,9.49515892088766,9.49515892088766
08f2aa8782336ccc032bb55ffd3cc704,Zekaria,restaurant,food,2010 Eisenhower Ave,38.8005066,-77.0638069,38.8002683,-77.0639571,29.52198703137438,nearest_edge,18.356126850059514,18.356126850059514,38.80033242691703,-77.06421734765904,23.6529734234008,40.49948158240538
08f2b99a60a61af603c2dac5a761bbb5,White Birch Campground,campground,outdoor,7945 Lake Rd,43.2709922790527,-77.0064315795898,43.2709922790527,-77.0064315795898,0.0,nearest_edge,1.1675230835939001,0.2449875754989975,43.27099095806484,-77.00641789004482,1.118040829724605,1.118040829724605
08f2baba667526dd034a617ff91939ab,Stiles Fuel,propane_supplier,other,124 Lancaster Rd,44.380427,-71.604473,44.380427,-71.604473,0.0,nearest_edge,35.16541165165757,35.16541165165757,44.380616800000006,-71.6048312,35.43697024182709,35.43697024182709
08f26caa6c0e12a1035afb141c8c1d62,LiquorLand,liquor_store,other,4940 N Tarrant Pkwy,32.8931654,-97.2754889,32.892983,-97.2754138,21.459863727876158,centroid,3.6382844634009364,0.13227764814900553,32.893052684506046,-97.27544174022741,8.17592772707912,13.284370016754673
08f2a307656db41d03d662a6a3bdec1b,Rent-All,outdoor_gear,other,475 Highland Ave,42.491763,-70.9349285,42.4917472,-70.9347783,12.439930880307262,nearest_edge,2.4973972597747056,0.14583764884625144,42.491739807529356,-70.93479808918795,1.8189003387712372,10.999279219261892
08f26aa4361a092b030d4f6ca466db8d,Cruz Construction Solutions,professional_services,services,295 E 29th St,40.4220922,-105.0742242,40.4220228,-105.0742376,7.7998512474768,centroid,3.9396041636501984,0.7797846202781283,40.42204686272197,-105.07422856872067,2.78273140888575,5.054821697401192
08f269dd14a180de03557663ebb03589,1-2-Thai,thai_restaurant,food,Grand Ave,38.8693314,-107.5977936,38.8694149,-107.5981477,32.031054793460605,centroid,1.4810201575060098,0.2802149594384034,38.86939843937939,-107.59807718264705,6.373441188291248,25.65764487801286
08f268cc519a080d0392a013138ca729,Flintwood Floral,flowers_and_gifts_shop,other,12543 N Highway 83,39.5447459,-104.7732227,39.5447459,-104.7732227,0.0,nearest_edge,1.07554598201284,0.994637131681733,39.54474060856497,-104.77321012405234,1.228409095377875,1.228409095377875
08f2b8d79c953cb30399459366a31ea3,United States Postal Service,shipping_center,other,801 Diamond Point Rd,43.481710946895184,-73.69099706411362,43.4816798,-73.690981,3.6979495401487568,nearest_edge,1.5571541550938013,0.20276659853792195,43.48169654983962,-73.6909841911996,1.8802096860868043,1.9082823379929839
08f44cc515c5283603c8a82b24bf7646,Menagerie on Main,flowers_and_gifts_shop,other,351 W Main St,34.2369148,-84.4943757,34.2368804,-84.4943757,3.8251054771264448,nearest_edge,17.59881541116348,17.59881541116348,34.23691524899477,-84.49456592008407,17.910555930539758,17.486409377484506
08f2ad20087595a6033fe3dd7fb34603,Prestige Funeral Home,funeral_services_and_cemeteries,other,300 Martin Luther King Jr Blvd,34.4209155,-79.3740771,34.4211036,-79.3738357,30.459152947186766,nearest_edge,3.811399097879394,2.6774023678358505,34.42110073771173,-79.3737904023687,4.167110556806429,33.40378425360063
08f29a0b6a91da0003aca87c941d4429,So Moon Nan Jokbal,korean_restaurant,other,8911 Garden Grove Blvd,33.7747046,-117.9764444,33.7747046,-117.9764444,0.0,nearest_edge,6.904502185521558,3.0821101601877317,33.774690733705086,-117.97646065967967,2.1531191494765207,2.1531191494765207
08f2ad667627295203aa9e3d9375bee7,Cardinal State Storage,self_storage_facility,storage,105 Midway Dr,35.0333666,-79.1230788,35.0335137,-79.1238245,69.83722436023771,nearest_edge,2.343685361452824,1.1749052695339781,35.03348928864585,-79.12413653368573,28.53949779801207,97.266355795109
08f26c80c4c0019a031c06ec6d34a08e,"Rudd Legal, PLLC",divorce_and_family_law,other,291 S Preston Rd,33.23381,-96.79056,33.2339917,-96.7855201,469.18575748135004,nearest_edge,74.09008144734497,74.09008144734497,33.2340541,-96.784727,74.09008144734497,543.1934819897424
08f44f690270d052038f18cdbfcf3789,Kappa Map Group,professional_services,services,124b S Amelia Ave,29.02773,-81.30283,29.0272797,-81.2995041,327.2221514876577,nearest_edge,3.8601806926254065,0.5530109726327733,29.027324179605287,-81.29957874854061,8.782884134787396,319.3151994960313
08f28941944696c40330495c4a5c3c07,Mandarin Restaurant,chinese_restaurant,food,222 E 7th N,43.8400722,-111.7775941,43.8400509,-111.7772105,30.85661203774873,centroid,2.889227137935189,0.3226900395551998,43.84004560450605,-111.77718246081426,2.324618686753576,33.14657316571568
08f2aa6035868a13032638671646ea3a,Hometown Storage,self_storage_facility,storage,7292 Route 98,42.5495551,-78.4020583,42.5492231,-78.4020368,36.95870333816831,centroid,0.8956905623265892,0.0924304731393217,42.54929339160437,-78.40205467985022,7.952118001530673,29.102156816619082
08f266340d965902032f0e4e3468f049,Sol Del Mar Mexican Bar & Grill,mexican_restaurant,food,10 E Harrison St,39.599585,-88.606927,39.599523,-88.6069511,7.196662371123232,nearest_edge,4.4238085698157805,4.4238085698157805,39.599560813578435,-88.60690010741128,6.063568308046423,3.541435507375408
08f264b6830cb42403b9982c9b28649c,Computer Universe,it_service_and_computer_repair,other,1139 W Main St,34.2567122,-88.7238272,34.256659,-88.7237494,9.280074020094174,nearest_edge,7.778068512943866,0.8883823753390335,34.25665419228078,-88.72379937731344,4.624186425880971,6.938525167397222
08f274075085e8ad03074313ff1b43bc,Welcker's Lounge,bar,food,4192 Main St,45.1283416,-87.2479153,45.1283416,-87.2479153,0.0,centroid,4.237187094650142,0.6536645897880979,45.12833994032608,-87.24794116233456,2.037285488111867,2.037285488111867
08f2aa847286b130031d1110c4c0a9d5,Laundroland,laundromat,other,8016 New Hampshire Ave,38.991318,-76.988603,38.9914217,-76.9884823,15.54923432653454,centroid,11.741225519556926,2.6924390524382598,38.99131647524733,-76.98851304836386,11.998445321682212,7.775944970618358
08f2a10a1425674c03049cb5dbbe0849,Energy Fuel,burger_restaurant,food,522 Commack Rd,40.7668177,-73.3119232,40.766805,-73.3120124,7.6436577424214,nearest_edge,3.9965665182550616,1.456009983565237,40.76680120995524,-73.31197068632439,3.5381511902121274,4.399434330754485
08f28300ed7221ae03a5043f9b5e9f71,Consign & Design,thrift_store,other,1220 Trancas St,38.3232665,-122.2991658,38.323277,-122.2991249,3.7540913980012034,nearest_edge,1.5633063500618698,0.7004466076833089,38.32326847197832,-122.29912207481323,0.9797762804033538,3.820670963001914
08f2659a4e6f4173039b03538cc7a75a,Panera Bread,cafe,food,7501 Goodman Rd,34.9605966,-89.8562893,34.960523,-89.8562645,8.490266595721295,nearest_edge,7.750723313003525,0.250290270670878,34.96049790240491,-89.85630370079153,4.533190704309636,11.05285702153397
08f4451ba601c36d03d8466728ae63a3,Church Street Cakery,bakery,food,2516 Old Hwy 24,31.2859277,-89.421095,31.2861283,-89.4212016,24.498075457485506,nearest_edge,4.460230509569549,0.3741353567485467,31.286087258550392,-89.42121290368429,4.688307440098506,20.983536480897865
08f2a304458cb501037f69380780cad1,Liban D'Or,grocery_store,retail,45 Hampshire St,42.7284523,-71.1897856,42.7285173,-71.1897299,8.540404264633382,nearest_edge,6.453171462446359,0.17649313585797505,42.72850161461741,-71.18972961521352,1.7442900823040195,7.140074136528892
08f28f0b26d1c61003d0233cb062ad85,Nash & Nichol,home_goods_store,other,609 NE 3rd St,45.21015,-123.1931109,45.21015,-123.1931109,0.0,nearest_edge,6.80459074490981,0.4996160920783429,45.210129903100004,-123.19309915991522,2.4165261535855818,2.4165261535855818
08f275249b5166560369769812369402,New Creations Child Care and Learning Center,day_care_preschool,other,16547 Marketplace Dr,45.3327406,-93.6896303,45.3326765,-93.6897725,13.204514847860732,centroid,5.227121592216639,0.8838504663843194,45.332732425319584,-93.68972530121572,7.2307217617244275,7.481550831780578
08f2b892182ce52c038fa261dbef6f98,Stair Galleries,auction_house,other,549 Warren St,42.2483704,-73.7851866,42.2483704,-73.7851866,0.0,nearest_edge,0.6534236609351876,0.21184091975105468,42.24833711662768,-73.78520024255474,3.867549480108764,3.867549480108764
08f44d85ab1a1a640395f03fecc054d9,7-Eleven,convenience_store,retail,2020 Dobys Bridge Rd,34.9806077,-80.9217055,34.9805703,-80.9215687,13.138968957454876,centroid,2.8629824462785334,0.09311503836428905,34.98061043467114,-80.92161117920436,5.9071537581580325,8.598675527418061
08f28d54da86668e037b7e013d5c8365,QFC,retail,other,926 164th St SE,47.848552910349895,-122.21938653850884,47.8486933,-122.2195958,22.080205490493377,nearest_edge,7.318769061039926,1.4058621719403959,47.84867476695252,-122.21951113906668,6.645177233101631,16.433192118373384
08f29a18802e532b0324827f2dcfeeb6,Victor Tailor,sewing_and_alterations,other,14517 Sylvan St,34.1847749,-118.44924,34.1847799,-118.4493869,13.523848311884572,nearest_edge,1.1639916374839594,0.2465547188007394,34.18480565833825,-118.44933776158003,5.351022719093008,9.620925744105715
08f2699518a2d731030d61df2fa01098,Cubby Hole Storage,storage_facility,storage,1405 Florida Rd,37.297622,-107.8512391,37.297702,-107.8511171,13.985322443604199,nearest_edge,0.4106574908646984,0.4106574908646984,37.29769445414555,-107.85115896673743,3.7971987843320414,10.730822681860932
08f2a847013b675e032e4f2c97cdbbac,Laundry mat,laundromat,other,W RUN Rd,40.388236,-79.909067,40.3882227,-79.9091448,6.753117052814275,centroid,0.8842692580965289,0.12003983442798188,40.388252132543656,-79.90917874493076,4.356159006159934,9.632629368481213
08f28d18252419660364864beb8952fd,Sequim West Inn,hotel,lodging,740 W Washington St,48.0797689,-123.1198437,48.0799284,-123.1200449,23.193977048451327,nearest_edge,1.052612737239439,0.15277285466651716,48.0799330896498,-123.12003570947066,0.8591131645889719,23.16863339855363
08f464e72a35e494034d23ca9ac0fa10,Eleele Shopping Center,shopping_center,retail,4469 Waialo Rd,21.9052488,-159.5855169,21.9052115,-159.5855518,5.492369398850934,nearest_edge,5.854199711162409,4.083212700688824,21.90520973257108,-159.5855604705108,0.915844708670527,6.25112299958936
08f489c0a471538a0359c1331319b3c1,Aquatic Escapes,construction_services,services,10207 N Interstate #202,29.5287735,-98.3960223,29.5317071,-98.3915645,540.7597997852432,nearest_edge,2.8527345184818516,0.17080303914563436,29.531705,-98.391812,23.946472205368927,521.7154935968666
08f44d503119ed55038bc90aa52b8796,Dollar General,discount_store,retail,114 S Columbia Ave,32.2891951,-81.2339361,32.2891498,-81.2336142,30.67501609759512,centroid,1.3796797969779164,0.13080757197711704,32.28916100179153,-81.23372546074981,10.532430134534494,20.159855759470165
08f26560e9c2b72e03d540c3119c8f74,Auction It 4 Me,auction_house,other,4621 S Shrank Dr,39.0349842,-94.3785768,39.0350446,-94.3783676,19.276821855643103,centroid,3.2165940975997627,0.18251602430966932,39.03503748699431,-94.37843134516983,5.5623099902811175,13.890385188208096
08f441a461041a0e03f57c6442c7dc01,Magnolia Trace RV Park,rv_park,outdoor,5824 23rd St,28.2425354,-82.1662065,28.2425354,-82.1662065,0.0,nearest_edge,24.009176376464822,24.009176376464822,28.242502215636083,-82.16632520982752,12.199914027914811,12.199914027914811
08f26c937305549d03c942a51ae56607,Adams Design Service,architectural_designer,other,115 University Pl,32.347486,-95.301468,32.347486,-95.301468,0.0,centroid,6.794331952627576,0.28939002006499953,32.347440891822984,-95.30145539096128,5.153762236242749,5.153762236242749
08f2a8b209300a7603fb0d4968cac5c1,Siler City Moose Lodge,bar,food,721 Alston Bridge Rd,35.7192076,-79.4522757,35.719286,-79.4522408,9.269566158066006,centroid,4.255787790317925,0.13281438989368802,35.71926825262724,-79.45222563894396,2.401610564304175,8.11850273097404
08f2664c95b3099803447b363f8baf29,"Alejandra I. Vilchis, Attorney at Law",divorce_and_family_law,other,7061 W North Ave,41.9086042,-87.8040334,41.9086042,-87.8040334,0.0,nearest_edge,6.151987069563078,0.3049166352710842,41.90861304669615,-87.80404685340929,1.485639698812107,1.485639698812107
08f28d5429d4569a03661780dc37bcc7,The Sushi Samurai,sushi_restaurant,food,1817 Queen Anne Ave N,47.6353051,-122.3570787,47.6352798,-122.3571377,5.239993816657558,nearest_edge,1.292523615052401,0.2527947711548654,47.635305462811885,-122.35717129981138,3.805403899647831,6.9384723545502505
08f2a364d379b974033dc5e61c5ddc56,Hotel Coolidge,hotel,lodging,39 S Main St,43.6480214,-72.3188791,43.6480214,-72.3188791,0.0,nearest_edge,3.4459289648893967,3.4459289648893967,43.648031565239826,-72.31896824759362,7.261323849606052,7.261323849606052
08f26aacdad61c2103b1bf12800193ed,United States Postal Service,shipping_center,other,320 1st St,40.5240043900689,-104.85098161183949,40.5240043900689,-104.850981611839,4.086217472810877e-08,centroid,1.9555021327836632,0.38748113319582844,40.52400517056706,-104.85096473954138,1.4287359474819343,1.4287359882686512
08f2a100882d66c0039980aec7834f95,String Player Central,musical_instrument_store,other,2350 Broadway #1111,40.78779,-73.97641,40.7879296,-73.9764999,17.269678755966275,nearest_edge,1.1361727256167167,0.397340548280405,40.78784873449137,-73.97645895619748,9.62990752399797,7.722772582969823
08f2a1272865b2ad030393d2e263965c,Walmart Grocery Pickup,grocery_store,retail,2601 MacArthur Rd,40.644399,-75.4877814,40.644399,-75.4877814,0.0,nearest_edge,1.2233237919808249,1.1631793092831093,40.644399,-75.4877814,0.0,0.0
08f2a312c624500a038c2fa00db69f76,The Beachside on Nantucket,resort,lodging,30 N Beach St,41.2895769,-70.1031851,41.2902057,-70.102418,94.84920676136606,nearest_edge,3.0009864169677165,0.6162424944072852,41.29017426111019,-70.10264818471838,19.54692319891085,80.15251565987487
08f266812e1b0b1e03f515b5a64b633b,Magpie Avenue,boutique,retail,119 E Chestnut St,38.2104222,-86.1256554,38.2104298,-86.1257308,6.6417398134401235,nearest_edge,1.1668089565034483,1.1668089565034483,38.210386267367035,-86.1257033292864,5.40297598864622,5.787952882359424
08f266694b8dd34103db5d8f268c8bfe,SNT Biotech Lab,pharmacy,retail,24119 W Riverwalk Ct,41.6186691,-88.2061076,41.6186691,-88.2061076,0.0,centroid,4.583789220055186,0.6441359350762976,41.61862636037927,-88.20615580020119,6.216080442818989,6.216080442818989
08f44d07088ec660039e8c30926bcd5c,Residence Inn by Marriott Charleston Downtown/Riverview,hotel,lodging,90 Ripley Point Dr,32.7775184,-79.9655274,32.7778612,-79.9657956,45.62523366518345,centroid,3.5593556215272826,1.3622876237365138,32.77772627688191,-79.96581319328905,15.092658966326706,35.329810849168105
08f2a30c4673036e03665822befc4416,Portsmouth Invitation Company,printing_services,other,150 Lafayette Rd,43.009466,-70.8054183,43.009364,-70.8051072,27.72198296600504,nearest_edge,13.362733276868598,0.8845918809206981,43.00938814181938,-70.80525938601414,12.66213805053031,15.553535871843803
08f2652905d1006d036995518da59108,Price Chopper,grocery_store,retail,520 S Commercial St,38.6527268,-94.3598256,38.6527771,-94.3597827,6.720178652237026,nearest_edge,9.96297652980266,0.30485597245279145,38.652783258206,-94.35976396878617,1.7648267992670805,8.24949962491116
08f2a107756f1b2003ea02197b5b07c1,Dipon Mobile,mobile_phone_store,other,475 McDonald Ave,40.6425953,-73.9792532,40.6426421,-73.9791915,7.360807198006432,nearest_edge,1.5366411316250923,1.5366411316250923,40.64261070475657,-73.97919473454758,3.5016429249668524,5.221863233939604
08f2b8e05bd8d821030d3d82f3ed1a9b,Serendipity's,bar,food,9 William St,44.3346188,-75.4690657,44.3346044,-75.4689691,7.84810901443589,nearest_edge,5.766082338867672,0.5827868765101519,44.33462618596213,-75.46897047965251,2.4249723702014228,7.6177002632475395
08f44550949406a80323a45c9b29f172,Hotel Vela,hotel,lodging,1409 24th Ave,30.36865409087421,-89.09175714110451,30.3686333,-89.0917746,2.8548429149598844,nearest_edge,7.261028710165431,0.1728600911725879,30.36864578990683,-89.09178886023935,1.9494862700668265,3.1799744207822447
08f2832171a6a6a3037a788a5eceaf26,Clock Tower Self Storage,self_storage_facility,storage,7500 Folsom Auburn Rd,38.7023859,-121.1691802,38.7023859,-121.1691802,0.0,nearest_edge,49.5010748461554,49.5010748461554,38.7020351,-121.16953139999998,49.5010748461554,49.5010748461554
08f44f009c73212803cfa85f7b93f01a,Third and Main,hotel,lodging,1303 Main St N,30.33937,-81.65428,30.3392242,-81.6541486,20.538958537739447,nearest_edge,3.7938444928002544,1.496437210370446,30.339251514203568,-81.65412606091445,3.7286956682057992,19.794529457243197
08f48c6c6a1538dd035389c7b17be7e9,Unique Soccer,sporting_goods,other,6101 Gateway Blvd W,31.782895,-106.4122934,31.782895,-106.4122934,0.0,nearest_edge,10.427340625773434,0.985113670959038,31.78289667042952,-106.41226554580571,2.6393569806725323,2.6393569806725323
08f2a134ac30a72e03e81070c7225208,Pho Ha Saigon,vietnamese_restaurant,other,575 Adams Ave,40.0358935,-75.107989,40.0359531,-75.1080266,7.35982360703214,nearest_edge,0.9779096475767418,0.5051921880790311,40.036004168744704,-75.1079820424143,6.82908571267345,12.32005069398576
08f27434266e6b3103d9de9bb1fa3249,ALDI USA,supermarket,retail,2492 S Oneida St,44.4837608,-88.0708005,44.4838517,-88.070944,15.22373729210551,centroid,17.59436687637798,0.6152772234645109,44.48392439201611,-88.07087154232075,9.918485582358137,19.04367492724285
08f2a1225e49c46e0373a4acca5798d4,Childtime of Doylestown,child_care_and_day_care,other,1092 Pebble Hill Rd,40.28403,-75.09884,40.2840638,-75.0988574,4.037811385897733,centroid,1.6201034407388146,0.8175441695266079,40.284032683140296,-75.0988620458664,3.4824070070852544,1.8936886026330817
08f29898cd6492f00319bd2ea9f7aa7a,Jiffys Pizza Tahoe Vista,pizza_restaurant,food,7019 N Lake Blvd,39.2397206,-120.0480909,39.2397497,-120.0481821,8.494670585717197,nearest_edge,1.9980298643706222,0.2545826959770993,39.239744274008544,-120.0481845320232,0.638663558769938,8.482504788137383
08f2a1227391869c0340b42a0b2fb9d1,Cook & Gardener Vintage + Antiques,gift_shop,other,"5806 Lower York Rd, (Rt. 202)",40.34648265,-75.03308859,40.346497,-75.0331315,3.9711471965147167,nearest_edge,1.7418264367776626,0.2793029406159919,40.346504873916146,-75.03315007316019,1.801131620023966,5.766790073343579
08f2986b9500151403000839843a0fef,Vivida Dermatology,professional_services,services,2110 E Flamingo Rd,36.1154455,-115.1230373,36.1154737,-115.122981,5.950487489113641,centroid,1.3843058570586997,0.46857842020875545,36.1154401566415,-115.12304843462672,7.113666224206368,1.1633543309663943
08f2a91d6a4969b203b7fa6ebcd7ac79,Rhino Self Storage - South Bloomfield,self_storage_facility,storage,5005 Corinne Dr,39.7228852,-82.9882652,39.7228852,-82.9882652,0.0,nearest_edge,25.87153614113718,25.87153614113718,39.7229833,-82.9885395,25.87153614113718,25.87153614113718
08f2b9b34d2f3cc603e6e324483b99d1,Amabel Provisions,specialty_grocery_store,other,1006 Elmwood Ave,42.9243775,-78.8771698,42.9245651,-78.8771631,20.8673003605199,nearest_edge,0.41275228858321056,0.41275228858321056,42.924575945445795,-78.87719264997664,2.691345946006453,22.144422273862507
08f44554529961a503a33f1b232cad5b,D'Iberville Memorial Park,funeral_services_and_cemeteries,other,11041 Gorenflo Rd,30.443667,-88.8873648,30.443238,-88.8864032,103.79446816590846,nearest_edge,48.495884834800925,48.495884834800925,30.443410899999993,-88.88592009999999,50.144204112539725,141.39261564823235
08f2a100c338916003d9d5f8b3f40a22,Telco Stores,department_store,retail,60-80 Myrtle Ave,40.7006783,-73.8953824,40.7006214,-73.8954173,6.977576106438832,nearest_edge,0.4056838463038339,0.4056838463038339,40.700618810217485,-73.895360313514,4.812578866667894,6.871997449589671
08f2a33170a7516503e1061a055bc74e,Family Dollar,discount_store,retail,52 Newport Ave,41.8575093,-71.3531772,41.8574803,-71.3532215,4.88456680806452,nearest_edge,3.1203259380614643,0.5019066015864656,41.85753182104166,-71.35317066843105,7.109325605039306,2.5619831295096747
08f29a1d58c403a50322528dbaff3bd1,IHOP,breakfast_and_brunch_restaurant,other,605 N Glendale Ave,34.15502,-118.2430402,34.1550133,-118.2430134,2.576113183962469,nearest_edge,3.8997449229131047,0.35192333908010714,34.15502077062267,-118.24303928695471,2.5227110083015356,0.12000489518872258
08f2a33d10b34d8a035e19b46e7fa75e,Olive Garden Italian Restaurant,salad_bar,other,728 Donald Lynch Blvd,42.35027,-71.6235,42.3525109,-71.6158933,672.922676536263,centroid,3.786729655930302,0.4396689083529607,42.352410500000005,-71.61606349999998,17.895419598294634,655.8176077098213
08f2640c507a574b03f3da764f851ea1,Soccer Master,sporting_goods,other,3660 Green Mount Crossing Dr,38.5717815,-89.9238948,38.5717144,-89.9237768,12.684765685028927,nearest_edge,13.019872917878805,8.906360816905798,38.5717815,-89.9238948,12.684765685028927,0.0
08f2661a308b5401037bdedbf16f4520,Pride Academy,day_care_preschool,other,5615 W 22nd St,39.7948393,-86.2557025,39.7949094,-86.2554691,21.41001183319826,centroid,2.2099988328519937,0.8036067940942587,39.794886090757736,-86.25541980058371,4.9455119196113415,24.70664046298667
08f2836204903b8603c7ac8fb9b8347b,College Square Shopping Center,shopping_center,retail,4555 N Pershing Ave,37.987137,-121.32246,37.987378,-121.3233746,84.51480721774705,nearest_edge,18.08985040173359,3.855846972064471,37.98727904267941,-121.3231165748094,25.147895752184745,59.66930069704222
08f44a915b9a2b8c03ffbe330ff14b89,Climax Smoke Shop,tobacco_shop,other,5389 S Kirkman Rd Ste 106,28.484735,-81.45821,28.4847403,-81.458212,0.6209036640063313,centroid,1.507872115810906,0.49995152000458354,28.48474085594614,-81.45826877263796,5.54896882560966,5.78088239591304
08f2aa845cd0d733039915c6b9eb1b29,Monte's Sweet Sorrel,tea_room,other,2800 10th St NE,38.92584,-76.99274,38.9258833,-76.9927273,4.938489705067599,nearest_edge,4.959333412853445,0.6361992757176069,38.92588072266116,-76.9927434922054,1.4297264556607512,4.538219162076945
08f29a4720505a2603ba8536e42e6915,"MKA International, Inc. (MKA San Diego)",engineering_services,other,16644 W Bernardo Dr Ste 101,33.0154527,-117.0832979,33.0152896,-117.0834099,20.927578683578577,centroid,5.058498227638676,1.0745071502928714,33.01534849326117,-117.08336989211145,7.536570694524216,13.391135363733003
08f44ed29315299403980e038961210f,Circle K,convenience_store,retail,4500 Highway 171,33.2658304,-87.6028317,33.2660255,-87.6026681,26.495190845666016,nearest_edge,2.1833161032789787,2.1833161032789787,33.26599144931294,-87.6027235403508,6.395672689171802,20.538139844217618
08f27aa8b46ae2800360ca1c4068f8a5,White Mountain Operating,professional_services,services,5201 Sunset Blvd,48.1452547,-103.6962714,48.1449934,-103.6967408,45.355438536818944,centroid,4.363500102499539,0.6642615713920442,48.14502306656206,-103.696634199316,8.569549721061406,37.255282764139615
08f44cd5a3a1d35903c903d56f6e07b5,Carlos Bail Bonding,bail_bonds_service,other,709 Cherry St,35.0481236,-85.3084825,35.0481565,-85.3085737,9.072393397393766,nearest_edge,3.2321228961065915,0.37349088697964955,35.048164968495215,-85.30857485242657,0.9474794470614956,9.58319725929956
08f2aaab0a12207303f870c0bea0a166,Popeyes® Louisiana Kitchen,chicken_restaurant,other,11938 Fair Oaks Mall,38.8635456,-77.3599711,38.8635456,-77.3599711,0.0,nearest_edge,10.435587311343701,1.081422434117835,38.8635456,-77.3599711,0.0,0.0
08f2a9a544099a3303f1cfbe09906913,Doctor's Inn,bed_and_breakfast,lodging,617 Chestnut St,37.5678235,-84.3029329,37.5678235,-84.3029329,0.0,nearest_edge,12.216753751492657,12.216753751492657,37.56776239999999,-84.3028177,12.216753751492657,12.216753751492657
08f489d59ab606c803517ccee128ff0f,Chateau Burg RV Resort,rv_park,outdoor,3255 S State Highway 16,30.237558,-98.9018371,30.237558,-98.9018371,0.0,nearest_edge,9.524408027847068,9.524408027847068,30.237568736681187,-98.90189929619122,6.093063436648207,6.093063436648207
08f28300a306e24e0322af6f6f066631,Laundry Depot,laundromat,other,1500 W Texas St,38.249538,-122.055762,38.2496897,-122.0557432,16.947969736703474,nearest_edge,7.402484622053858,1.0778785782612161,38.249629816845804,-122.05574141043857,6.660536423943482,10.366673514971556
08f2a304ab500b300393494298943b2d,Vera Bradley Outlet Store,fashion_accessories_store,other,80 Premium Outlets Blvd,42.8262,-71.50059,42.8262,-71.50059,0.0,nearest_edge,3.2192855255307866,0.46632363481150835,42.82620863944526,-71.50055939023433,2.674770477808661,2.674770477808661
08f44a9598b62085030e8a8dbdbf1fa4,Orange Pest Control,pest_control_service,other,580 Cox Rd,28.3650288,-80.7884147,28.3650288,-80.7884147,0.0,centroid,4.852756405963054,1.117731003185655,28.365012163537866,-80.78839235630379,2.8638471464937525,2.8638471464937525
08f2aacce82d6a6103845e2dbb3c7c54,Kinder-Haus,day_care_preschool,other,428 Ranck Rd,40.1031967,-76.0647554,40.1031967,-76.0647554,0.0,nearest_edge,1.2564043607645177,0.37283116513828624,40.10320079056933,-76.06475444588017,0.4620327075666108,0.4620327075666108
08f44a821121399003402174c2ce6e04,Cumberland Farms,convenience_store,retail,4440 W New Haven Ave,28.0794512,-80.700681,28.079482,-80.7007816,10.446873790503675,nearest_edge,6.803286437391842,0.8995706798249593,28.07944490326241,-80.70072192080539,7.16209674850363,4.07520834843562
08f0c74d4e76ba1c0398ee2b81d99881,Riley Creek Campground,campground,outdoor,"Denali National Park and Preserve, Denali Park Rd",63.730941,-148.8974886,63.7308437,-148.8975798,11.713287945167032,nearest_edge,39.96403101389447,39.96403101389447,63.731060741576016,-148.89739454911293,25.79850280154664,14.09622633670888
08f2748042da1a5303eb5bc2848e5b4c,Starbucks,coffee_shop,food,902 W State St,42.6472063,-85.2999334,42.6472063,-85.2999334,0.0,nearest_edge,0.3157492813119922,0.3157492813119922,42.64743612132317,-85.29870875202596,103.37021591284969,103.37021591284969
08f2aa858c02575d03761a5b6e3c2964,Biscotti Restaurant,italian_restaurant,food,7212 Muncaster Mill Rd,39.1450187,-77.1448693,39.1450156,-77.1449082,3.372294364916579,nearest_edge,1.2859418441392603,0.7064442948372099,39.14501679045511,-77.14494886393163,3.509245118142158,6.864662985275327
08f2aaa281466414032b6b584786986f,Albana's Taverna,greek_restaurant,other,614 Sperryville Pike,38.4791931,-78.0020438,38.4792613,-78.0020143,8.006462673433235,nearest_edge,1.822088748871546,0.22802444621888351,38.47923548777021,-78.00200366145768,3.0158849100180056,5.867103561229642
08f266d488d16508035fdb9cd0f1d9e5,Law Office of Nick C. Thompson,lawyer,services,800 Stone Creek Pkwy,38.23575,-85.57432,38.2357468,-85.5744447,10.89715614091693,nearest_edge,1.6579001103335278,1.0223557243032444,38.235754490755156,-85.57443767697853,1.0524125475417476,10.290074519779658
08f44d983279db530333f0c5bfd9ba97,CVS Beauty,shopping,other,11 River Ridge Dr,35.5705523,-82.5066907,35.5705654,-82.5052624,129.19213157057033,nearest_edge,6.562353643151048,0.7234533832311556,35.57051924403356,-82.50524462796783,5.378137237533818,130.84300362719407
08f12db39396954003349b18c417b8b9,"Little Caesars Pizza (1521 N. Argonne Rd. Spokane Valley, WA)",pizza_restaurant,food,1521 N Argonne Rd,47.6710429,-117.2832759,47.6712163,-117.2830546,25.423196685569117,nearest_edge,13.084045037600555,13.084045037600555,47.67112696542335,-117.28324602341307,17.438924856839495,9.611608727563064
08f26e8596cd54a2039a344846991bbc,Eleganza Select Granite and Marble,home_improvement_store,other,5556 S Mingo Rd Ste F,36.0831306,-95.86859,36.0830872,-95.8690192,38.87023029971914,nearest_edge,1.6372624037680257,0.08872582741209718,36.0831095495025,-95.86917778724565,14.466295864310036,52.87255904878715
08f264626e598c9b0387b05d57221b4c,Objex Design,professional_services,services,7370 Manchester Rd,38.6126409,-90.3193877,38.612555,-90.3194574,11.309658121078815,nearest_edge,0.09803426480983102,0.09803426480983102,38.61256674389327,-90.31942734532707,2.919641133910226,8.93634865617334
08f2a310c538431a031dac960edb1fe4,Inn at Swan River,hotel,lodging,829 Main St,41.6678376,-70.151882,41.6677474,-70.1521341,23.21847866683204,nearest_edge,4.653464826108573,0.4037604794810161,41.66778033191076,-70.15208259171048,5.631576271059163,17.837333978577885
08f2a3286a8c460603917d5a10809fea,Circle K,convenience_store,retail,800 Elm St,42.8408244,-71.7185768,42.8408736,-71.7186144,6.271183026074037,centroid,1.7599935124823314,0.16728540895527275,42.84087237600497,-71.71859523362959,1.5686096981804045,5.542360910268332
08f2a9052a9508a203eea7ca4a4ecef5,Gehret Funeral Home,funeral_services_and_cemeteries,other,64 Elm St,40.3507536,-84.3639504,40.3507066,-84.3638914,7.232567714493814,centroid,0.4649644977420088,0.33959159189416205,40.35076539300882,-84.36390674309776,6.665523144952449,3.92506289699405
08f29a0ce549e59103ab46a432e39549,Hemet Radiology Medical Group,pharmacy,retail,3292 E Florida Ave,33.7478457,-116.9372757,33.7480397,-116.937442,26.49064805939476,centroid,1.8888004460665748,0.21398921516215005,33.748070899730266,-116.9373987253225,5.295676264711917,27.503393061039954
08f489c458d5bc9c0392b094d48acbb7,Las Fontanas Mexican Kitchen,texmex_restaurant,other,1551 N Walnut Ave,29.7128998,-98.1563092,29.7128625,-98.156328,4.527558383160052,nearest_edge,2.571537347550964,1.7514532737433592,29.712839734561037,-98.15633492899758,2.61835423343169,7.126204782013411
08f2a823a634215903f06acae2099f65,William B. Summers & Associates,dui_law,other,3301 Dudley Ave,39.285837,-81.53522,39.285837,-81.53522,0.0,centroid,3.531903252714082,0.04784608203436282,39.28583398766592,-81.53524433591829,2.1210738120367147,2.1210738120367147
08f26d38ce185c8e03a61ce0134d7cd2,Superior Tanker Wash,seafood_restaurant,other,709 E 1st St,34.8186736,-102.3919536,34.8187331,-102.3918222,13.698728544221474,centroid,2.160545641856495,0.2788856196808104,34.81873117662167,-102.39187679967938,4.988820423592715,9.49424751691223
08f44a828b67117003907983dbf5651a,Bremer Boys LLC,construction_services,services,1180 S Patrick Dr,28.179978,-80.6062656,28.1799804,-80.6064963,22.613595452317092,nearest_edge,2.433028065641299,0.6231138965679871,28.179973927066378,-80.60647498343295,2.2098395863107623,20.527678213377516
08f2664cf3081d5b035a531ea4fa0dd1,MJD Auto Repair,tire_shop,other,4435 S Ashland Ave,41.812966849164134,-87.66470432723162,41.8129988,-87.6646507,5.689915045731427,nearest_edge,3.523327644431137,1.1043156147866928,41.81298801683864,-87.66465605583056,1.2785545631233868,4.641610392722058
08f446c242528b4d030f74580aa12429,Argo Mosaic,carpet_store,other,594 Sawdust Rd,30.12694,-95.45172,30.1270421,-95.4515309,21.439233094377432,nearest_edge,4.724359586328447,1.3884271849401202,30.127032501723463,-95.45133360765186,19.004411185891712,38.55818147127599
08f27ad692142b2603c11f016f0c96bf,AT&T Store,mobile_phone_accessories,other,3447 S Broadway,48.1994123,-101.2950526,48.1989636,-101.2950204,49.9502087501181,centroid,4.380376072764246,1.0834462574452592,48.1990160153923,-101.29504552077371,6.118489724833797,44.06796151596857
08f2832b0516d8d00328df5183e622bd,Power Market,convenience_store,retail,3180 Jefferson Blvd,38.5395074,-121.5507659,38.5395808,-121.5508893,13.483422663399706,centroid,6.768852695939729,0.7812546119902202,38.53955356591483,-121.55083906596941,5.3159470974695875,8.175990292985205
08f489c091100ba403f8f8348cb3297d,Dump-Star Rentals and More,garbage_collection_service,other,18819 FM 2252,29.6173544,-98.3164597,29.6172984,-98.3166421,18.6992736829537,centroid,5.124231706457172,2.1383551912247003,29.617335336495056,-98.31664912809582,4.162961729140522,18.433692450399217
08f444b02eb5018803b9a7b920fe5198,Mother's Day Out Daycare Program,day_care_preschool,other,3819 Central Ave,34.4615934,-93.0603817,34.4618953,-93.0604313,33.876341367101695,nearest_edge,2.5343584166292437,2.534358415549082,34.46190173062902,-93.06050732500904,7.00659449870198,36.1676348333598
08f262d9a350240203fd164fba637938,143,home_goods_store,other,143 Washington St,44.10014,-91.81909,44.10014,-91.81909,0.0,centroid,0.4581814592014616,0.20693790052707076,44.10016994620415,-91.81911172911695,3.7548116280991244,3.7548116280991244
08f44ccd2e31672e0310e0fac96580cf,Courthouse Tool & Tractor Rental,machine_and_tool_rentals,other,785 Seaboard Dr Ste 201,33.91357422,-84.84171295,33.913572,-84.8416311,7.55702484725844,nearest_edge,4.756639199315843,3.0170304099538514,33.91357645128609,-84.84159568253179,3.3055363752970144,10.824105080332593
08f2830821a034dc038a111a596b5b94,Southern Glazer's Wine & Spirits,liquor_store,other,2211 Palou Ave,37.740232,-122.402261,37.7402309,-122.4022154,4.011576845197704,centroid,3.5591565324840673,0.6438400949275577,37.74023383811145,-122.40209672293831,10.44065656730581,14.446701255776736
08f26c02b35098e1039a9526346b48ef,Best Western Plus Weatherford,hotel,lodging,525 E Main St,35.5263756,-98.7015018,35.5265295,-98.7017566,28.714746230237754,nearest_edge,2.934800659835086,0.6487312440074191,35.52651388927558,-98.70170060362922,5.35648434260983,23.6669750528085
