{
"type": "FeatureCollection",
"name": "ground_truth_pending",
"crs": { "type": "name", "properties": { "name": "urn:ogc:def:crs:OGC:1.3:CRS84" } },
"features": [
{ "type": "Feature", "properties": { "id": "08f28d5428cd954e0338fdd58d90561a", "place_name": "La Belle Elaine's Bridal", "primary_category": "bridal_shop", "formatted_address": "", "confidence": 0.97994612391499547, "original_geometry_wkt": "POINT (-122.3253727 47.6337251)" }, "geometry": { "type": "Point", "coordinates": [ -122.3253727, 47.6337251 ] } },
{ "type": "Feature", "properties": { "id": "08f26e8070c2d6a9033d1fa93bda0a8f", "place_name": "Thunderbowl", "primary_category": "beer_bar", "formatted_address": "", "confidence": 0.77, "original_geometry_wkt": "POINT (-94.98192 35.91416)" }, "geometry": { "type": "Point", "coordinates": [ -94.98192, 35.91416 ] } },
{ "type": "Feature", "properties": { "id": "08f48981360c349403c80ceff2683b6b", "place_name": "Hofbrau RV Park", "primary_category": "rv_park", "formatted_address": "", "confidence": 0.92798690671031092, "original_geometry_wkt": "POINT (-98.3315032 30.4604909)" }, "geometry": { "type": "Point", "coordinates": [ -98.3315032, 30.4604909 ] } },
{ "type": "Feature", "properties": { "id": "08f29a0b5b4a978203d20beb95a197d2", "place_name": "Masterlink Sausage and Meats", "primary_category": "butcher_shop", "formatted_address": "", "confidence": 0.98343698854337147, "original_geometry_wkt": "POINT (-117.8902723 33.8731889)" }, "geometry": { "type": "Point", "coordinates": [ -117.8902723, 33.8731889 ] } },
{ "type": "Feature", "properties": { "id": "08f28f00f3d4b585032f78576978daf6", "place_name": "Additional Self Storage", "primary_category": "self_storage_facility", "formatted_address": "", "confidence": 0.99526178906303475, "original_geometry_wkt": "POINT (-122.621135 45.6675478)" }, "geometry": { "type": "Point", "coordinates": [ -122.621135, 45.6675478 ] } },
{ "type": "Feature", "properties": { "id": "08f26481ac23034303b8ee99d9f1409f", "place_name": "Roam Freely RV Park", "primary_category": "campground", "formatted_address": "", "confidence": 0.48475791990436345, "original_geometry_wkt": "POINT (-88.0867 35.8504853)" }, "geometry": { "type": "Point", "coordinates": [ -88.0867, 35.8504853 ] } },
{ "type": "Feature", "properties": { "id": "08f44c1ce96aa98603ccdb7d8cd55adb", "place_name": "ABC Childcare and Learning Center", "primary_category": "day_care_preschool", "formatted_address": "", "confidence": 0.97939908288275956, "original_geometry_wkt": "POINT (-83.9034804 33.4623725)" }, "geometry": { "type": "Point", "coordinates": [ -83.9034804, 33.4623725 ] } },
{ "type": "Feature", "properties": { "id": "08f44a1b95a4222503b4488015a79425", "place_name": "Camden Doral Apartments", "primary_category": "accommodation", "formatted_address": "", "confidence": 0.99526178906303475, "original_geometry_wkt": "POINT (-80.3704694 25.8165997)" }, "geometry": { "type": "Point", "coordinates": [ -80.3704694, 25.8165997 ] } },
{ "type": "Feature", "properties": { "id": "08f446c323aec04203876f8bc173c15e", "place_name": "Floral Supply Syndicate", "primary_category": "flowers_and_gifts_shop", "formatted_address": "", "confidence": 0.93596425912137005, "original_geometry_wkt": "POINT (-95.4067417 29.8268755)" }, "geometry": { "type": "Point", "coordinates": [ -95.4067417, 29.8268755 ] } },
{ "type": "Feature", "properties": { "id": "08f2a84688d13b5103deb75476e2b8d3", "place_name": "Sweet Hut Chinese Restaurant", "primary_category": "asian_fusion_restaurant", "formatted_address": "", "confidence": 0.77, "original_geometry_wkt": "POINT (-80.1938409 40.2132756)" }, "geometry": { "type": "Point", "coordinates": [ -80.1938409, 40.2132756 ] } },
{ "type": "Feature", "properties": { "id": "08f44c1a81a3404d03b5bfe9e7747c1a", "place_name": "Express/Atlantic Bail Bonding", "primary_category": "bail_bonds_service", "formatted_address": "", "confidence": 0.77, "original_geometry_wkt": "POINT (-84.3966903686523 33.7481002807617)" }, "geometry": { "type": "Point", "coordinates": [ -84.396690368652301, 33.748100280761697 ] } },
{ "type": "Feature", "properties": { "id": "08f2b8da4c86c6c1032b4786938b26e8", "place_name": "Jewell Transport, Inc.", "primary_category": "junk_removal_and_hauling", "formatted_address": "", "confidence": 0.77, "original_geometry_wkt": "POINT (-72.3870884 43.3483126)" }, "geometry": { "type": "Point", "coordinates": [ -72.3870884, 43.3483126 ] } },
{ "type": "Feature", "properties": { "id": "08f446d83255e5560389c6d7914a765e", "place_name": "Farm to Market Produce Company", "primary_category": "sandwich_shop", "formatted_address": "", "confidence": 0.97939908288275956, "original_geometry_wkt": "POINT (-96.2555874 29.9510923)" }, "geometry": { "type": "Point", "coordinates": [ -96.2555874, 29.9510923 ] } },
{ "type": "Feature", "properties": { "id": "08f48ee62d2d091b03a5bb4b9cfaa3ad", "place_name": "Hidden Oasis", "primary_category": "bed_and_breakfast", "formatted_address": "", "confidence": 0.97939908288275956, "original_geometry_wkt": "POINT (-110.0390495 32.0302883)" }, "geometry": { "type": "Point", "coordinates": [ -110.0390495, 32.0302883 ] } },
{ "type": "Feature", "properties": { "id": "08f2660ccc7ab24003770ff2c38db1dd", "place_name": "Krispy Krunchy Chicken", "primary_category": "fast_food_restaurant", "formatted_address": "", "confidence": 0.28032345013477089, "original_geometry_wkt": "POINT (-87.999008 40.752235)" }, "geometry": { "type": "Point", "coordinates": [ -87.999008, 40.752235 ] } },
{ "type": "Feature", "properties": { "id": "08f2661a16c4a6de0394c2b997482f2a", "place_name": "Subway", "primary_category": "sandwich_shop", "formatted_address": "", "confidence": 0.99526178906303475, "original_geometry_wkt": "POINT (-86.3254779 39.7642293)" }, "geometry": { "type": "Point", "coordinates": [ -86.3254779, 39.7642293 ] } },
{ "type": "Feature", "properties": { "id": "08f2a931a9d63118036d6d7b8b12453f", "place_name": "Home Emporium", "primary_category": "home_goods_store", "formatted_address": "", "confidence": 0.97939908288275956, "original_geometry_wkt": "POINT (-84.4646029 39.2848248)" }, "geometry": { "type": "Point", "coordinates": [ -84.4646029, 39.2848248 ] } },
{ "type": "Feature", "properties": { "id": "08f2a339a02ceb7603e502950fefb701", "place_name": "Extra Space Storage", "primary_category": "self_storage_facility", "formatted_address": "", "confidence": 0.99526178906303475, "original_geometry_wkt": "POINT (-71.1753008 42.2260099)" }, "geometry": { "type": "Point", "coordinates": [ -71.1753008, 42.2260099 ] } },
{ "type": "Feature", "properties": { "id": "08f27504da60cd4603c96460b761d69a", "place_name": "Mini Mobile Cabins, LLC", "primary_category": "cabin", "formatted_address": "", "confidence": 0.92798690671031092, "original_geometry_wkt": "POINT (-92.0248894 45.5265257)" }, "geometry": { "type": "Point", "coordinates": [ -92.0248894, 45.5265257 ] } },
{ "type": "Feature", "properties": { "id": "08f2a956b4c4e0c103e3a35c29a7fd24", "place_name": "Starbucks", "primary_category": "coffee_shop", "formatted_address": "", "confidence": 0.77, "original_geometry_wkt": "POINT (-83.0952985 40.0641261)" }, "geometry": { "type": "Point", "coordinates": [ -83.0952985, 40.0641261 ] } },
{ "type": "Feature", "properties": { "id": "08f446e2248194530328289b55bb672e", "place_name": "Exxpress Mart 24", "primary_category": "convenience_store", "formatted_address": "", "confidence": 0.97939908288275956, "original_geometry_wkt": "POINT (-94.1665339 30.324578)" }, "geometry": { "type": "Point", "coordinates": [ -94.1665339, 30.324578 ] } },
{ "type": "Feature", "properties": { "id": "08f26cc55319137503a9f7a7f4ad9e52", "place_name": "Mazzio’s Pizza & Wings", "primary_category": "pizza_restaurant", "formatted_address": "", "confidence": 0.77, "original_geometry_wkt": "POINT (-96.9851585 34.5067431)" }, "geometry": { "type": "Point", "coordinates": [ -96.9851585, 34.5067431 ] } },
{ "type": "Feature", "properties": { "id": "08f268cdac9ad71b03c7566f8758d236", "place_name": "Indexed I/O", "primary_category": "software_development", "formatted_address": "", "confidence": 0.77, "original_geometry_wkt": "POINT (-104.982516 39.7723)" }, "geometry": { "type": "Point", "coordinates": [ -104.982516, 39.7723 ] } },
{ "type": "Feature", "properties": { "id": "08f2664ca94012dc030f63f7e23fe7cb", "place_name": "IMD Guest House Foundation", "primary_category": "hotel", "formatted_address": "", "confidence": 0.97939908288275956, "original_geometry_wkt": "POINT (-87.6756313 41.8710987)" }, "geometry": { "type": "Point", "coordinates": [ -87.6756313, 41.8710987 ] } },
{ "type": "Feature", "properties": { "id": "08f2a31ce8b94cb303eab6152e093fa6", "place_name": "Brasswood Inn", "primary_category": "hotel", "formatted_address": "", "confidence": 0.97939908288275956, "original_geometry_wkt": "POINT (-70.1898014 42.0479825)" }, "geometry": { "type": "Point", "coordinates": [ -70.1898014, 42.0479825 ] } },
{ "type": "Feature", "properties": { "id": "08f44a829db7442d03c72d9448c9f367", "place_name": "Corey's Bagels On the Beach", "primary_category": "bagel_shop", "formatted_address": "", "confidence": 0.97939908288275956, "original_geometry_wkt": "POINT (-80.5884816 28.1388035)" }, "geometry": { "type": "Point", "coordinates": [ -80.5884816, 28.1388035 ] } },
{ "type": "Feature", "properties": { "id": "08f26628daaa407003ea92bc6480f91b", "place_name": "The Hub", "primary_category": "smoothie_juice_bar", "formatted_address": "", "confidence": 0.97994612391499547, "original_geometry_wkt": "POINT (-88.9550856 40.473398)" }, "geometry": { "type": "Point", "coordinates": [ -88.9550856, 40.473398 ] } },
{ "type": "Feature", "properties": { "id": "08f0c73ba586bac303f513569c367a03", "place_name": "Cherish the Moments", "primary_category": "event_photography", "formatted_address": "", "confidence": 0.83168316831683164, "original_geometry_wkt": "POINT (-149.3326885 61.5752691)" }, "geometry": { "type": "Point", "coordinates": [ -149.332688499999989, 61.5752691 ] } },
{ "type": "Feature", "properties": { "id": "08f4446366c49561036fa9c50a0ee874", "place_name": "Genia Nicole Photography", "primary_category": "professional_services", "formatted_address": "", "confidence": 0.87705559906029762, "original_geometry_wkt": "POINT (-90.9209659 30.2660838)" }, "geometry": { "type": "Point", "coordinates": [ -90.9209659, 30.2660838 ] } },
{ "type": "Feature", "properties": { "id": "08f4440c1a1854ee0304800dc17e6154", "place_name": "Capital Funeral Home Inc", "primary_category": "funeral_services_and_cemeteries", "formatted_address": "", "confidence": 0.97939908288275956, "original_geometry_wkt": "POINT (-91.1544722 30.4533413)" }, "geometry": { "type": "Point", "coordinates": [ -91.1544722, 30.4533413 ] } },
{ "type": "Feature", "properties": { "id": "08f2a1350025a87303f97d18cee6c9f5", "place_name": "uBreakiFix by Asurion", "primary_category": "mobile_phone_repair", "formatted_address": "", "confidence": 0.77, "original_geometry_wkt": "POINT (-74.8952886 40.1675061)" }, "geometry": { "type": "Point", "coordinates": [ -74.8952886, 40.1675061 ] } },
{ "type": "Feature", "properties": { "id": "08f27418eb6363000337e6f8cbc3c901", "place_name": "Goodwill", "primary_category": "discount_store", "formatted_address": "", "confidence": 0.31844029244516658, "original_geometry_wkt": "POINT (-85.598401 44.732955)" }, "geometry": { "type": "Point", "coordinates": [ -85.598401, 44.732955 ] } },
{ "type": "Feature", "properties": { "id": "08f29a19b28d06000322a7b0198ff445", "place_name": "A a Mini Mart", "primary_category": "grocery_store", "formatted_address": "", "confidence": 0.87705559906029762, "original_geometry_wkt": "POINT (-118.3669817 33.9767493)" }, "geometry": { "type": "Point", "coordinates": [ -118.3669817, 33.9767493 ] } },
{ "type": "Feature", "properties": { "id": "08f44cc29ad588eb03c87215681e599e", "place_name": "Elder's Ace Hardware", "primary_category": "hardware_store", "formatted_address": "", "confidence": 0.99538760850044894, "original_geometry_wkt": "POINT (-84.9482109 34.8940804)" }, "geometry": { "type": "Point", "coordinates": [ -84.9482109, 34.8940804 ] } },
{ "type": "Feature", "properties": { "id": "08f4468641964da90370990c3131f372", "place_name": "VisionQuest RTC Lufkin", "primary_category": "event_planning", "formatted_address": "", "confidence": 0.35447154471544717, "original_geometry_wkt": "POINT (-94.81876 31.26139)" }, "geometry": { "type": "Point", "coordinates": [ -94.81876, 31.26139 ] } },
{ "type": "Feature", "properties": { "id": "08f26c8c8d36363503eadc35ea7b5d77", "place_name": "Hills Cafe", "primary_category": "cafe", "formatted_address": "", "confidence": 0.97939908288275956, "original_geometry_wkt": "POINT (-97.1441505 33.6240066)" }, "geometry": { "type": "Point", "coordinates": [ -97.1441505, 33.6240066 ] } },
{ "type": "Feature", "properties": { "id": "08f44e8cc908631a031c4515674b2704", "place_name": "Poplar Point Christian Camp", "primary_category": "campground", "formatted_address": "", "confidence": 0.97994612391499547, "original_geometry_wkt": "POINT (-86.2148021 32.9707065)" }, "geometry": { "type": "Point", "coordinates": [ -86.2148021, 32.9707065 ] } },
{ "type": "Feature", "properties": { "id": "08f2a306631668a303eb5d57a51612a1", "place_name": "Dependable Cleaners", "primary_category": "dry_cleaning", "formatted_address": "", "confidence": 0.99538760850044894, "original_geometry_wkt": "POINT (-71.0756928 42.3512907)" }, "geometry": { "type": "Point", "coordinates": [ -71.0756928, 42.3512907 ] } },
{ "type": "Feature", "properties": { "id": "08f288423356c91103ca007f24b8f280", "place_name": "Cafe Rio Fresh Modern Mexican", "primary_category": "fast_food_restaurant", "formatted_address": "", "confidence": 0.77, "original_geometry_wkt": "POINT (-116.35383 43.62281)" }, "geometry": { "type": "Point", "coordinates": [ -116.35383, 43.62281 ] } },
{ "type": "Feature", "properties": { "id": "08f444caac6d4822035ee4516f3dab07", "place_name": "El Patio Mexican Grill", "primary_category": "mexican_restaurant", "formatted_address": "", "confidence": 0.97939908288275956, "original_geometry_wkt": "POINT (-93.8298568 32.3123109)" }, "geometry": { "type": "Point", "coordinates": [ -93.8298568, 32.3123109 ] } },
{ "type": "Feature", "properties": { "id": "08f4451ba27a2663031e322784658ff9", "place_name": "Record Nations", "primary_category": "shredding_services", "formatted_address": "", "confidence": 0.92339261285909713, "original_geometry_wkt": "POINT (-89.4087539 31.311877)" }, "geometry": { "type": "Point", "coordinates": [ -89.4087539, 31.311877 ] } },
{ "type": "Feature", "properties": { "id": "08f5d11434884420033a0a2d37559cad", "place_name": "Big Island Bakehouse", "primary_category": "bakery", "formatted_address": "", "confidence": 0.93596425912137005, "original_geometry_wkt": "POINT (-155.0389922 19.6216604)" }, "geometry": { "type": "Point", "coordinates": [ -155.0389922, 19.6216604 ] } },
{ "type": "Feature", "properties": { "id": "08f2a107289810f60383b811cc101437", "place_name": "A.E.C. CONSULTING & EXPEDITING, INC.", "primary_category": "engineering_services", "formatted_address": "", "confidence": 0.77, "original_geometry_wkt": "POINT (-74.0096527 40.7118667)" }, "geometry": { "type": "Point", "coordinates": [ -74.0096527, 40.7118667 ] } },
{ "type": "Feature", "properties": { "id": "08f2656722980596039857f5c7c1ddfa", "place_name": "Clarks Motel", "primary_category": "hotel", "formatted_address": "", "confidence": 0.97939908288275956, "original_geometry_wkt": "POINT (-94.6494782 39.0495542)" }, "geometry": { "type": "Point", "coordinates": [ -94.6494782, 39.0495542 ] } },
{ "type": "Feature", "properties": { "id": "08f2aa8c7626894b035c8e09f81ccc3f", "place_name": "Don Tigre Mexican Cuisine Bar - Locust Point", "primary_category": "mexican_restaurant", "formatted_address": "", "confidence": 0.99538760850044894, "original_geometry_wkt": "POINT (-76.6006455 39.2715289)" }, "geometry": { "type": "Point", "coordinates": [ -76.6006455, 39.2715289 ] } },
{ "type": "Feature", "properties": { "id": "08f2a1055c271aea032bffcbd24fcc4b", "place_name": "Kitchen Fair", "primary_category": "home_improvement_store", "formatted_address": "", "confidence": 0.80493273542600896, "original_geometry_wkt": "POINT (-74.141723 40.9500947)" }, "geometry": { "type": "Point", "coordinates": [ -74.141723, 40.9500947 ] } },
{ "type": "Feature", "properties": { "id": "08f2a98ba908c89403ed8847c6c2854b", "place_name": "Rc's Country Store & Fillin' Station", "primary_category": "convenience_store", "formatted_address": "", "confidence": 0.48475791990436345, "original_geometry_wkt": "POINT (-82.1671691 37.619687)" }, "geometry": { "type": "Point", "coordinates": [ -82.1671691, 37.619687 ] } },
{ "type": "Feature", "properties": { "id": "08f2a3361b34453303f40ff4ed3b9e6b", "place_name": "Fish Connection", "primary_category": "hunting_and_fishing_supplies", "formatted_address": "", "confidence": 0.97939908288275956, "original_geometry_wkt": "POINT (-72.0647736 41.4758974)" }, "geometry": { "type": "Point", "coordinates": [ -72.0647736, 41.4758974 ] } },
{ "type": "Feature", "properties": { "id": "08f2aae16aaae71403352f18ee18d46d", "place_name": "MAR BAR TIRE SERVICE INC", "primary_category": "tire_shop", "formatted_address": "", "confidence": 0.77, "original_geometry_wkt": "POINT (-77.09127050656787 39.802155968849696)" }, "geometry": { "type": "Point", "coordinates": [ -77.091270506567867, 39.802155968849696 ] } },
{ "type": "Feature", "properties": { "id": "08f260e253aa5cf1035e0fb535525c7d", "place_name": "Holiday Inn Express & Suites Omaha-Southwest", "primary_category": "hotel", "formatted_address": "", "confidence": 0.88149432157800356, "original_geometry_wkt": "POINT (-96.08033 41.214238)" }, "geometry": { "type": "Point", "coordinates": [ -96.08033, 41.214238 ] } },
{ "type": "Feature", "properties": { "id": "08f29124cb25b61203735df89b69e4e2", "place_name": "US Navy Enlisted Recruiting", "primary_category": "employment_agencies", "formatted_address": "", "confidence": 0.77, "original_geometry_wkt": "POINT (-119.1791746 34.2270494)" }, "geometry": { "type": "Point", "coordinates": [ -119.1791746, 34.2270494 ] } },
{ "type": "Feature", "properties": { "id": "08f2a10755d0da1c03155a1195004543", "place_name": "Kung Fu Tea", "primary_category": "bubble_tea", "formatted_address": "", "confidence": 0.97939908288275956, "original_geometry_wkt": "POINT (-74.0266653 40.6208711)" }, "geometry": { "type": "Point", "coordinates": [ -74.0266653, 40.6208711 ] } },
{ "type": "Feature", "properties": { "id": "08f2a88c18ac486303d2d8df15029c9c", "place_name": "Kroger", "primary_category": "supermarket", "formatted_address": "", "confidence": 0.99526178906303475, "original_geometry_wkt": "POINT (-79.2948345 37.3642811)" }, "geometry": { "type": "Point", "coordinates": [ -79.2948345, 37.3642811 ] } },
{ "type": "Feature", "properties": { "id": "08f2a8b4c25012550374f1c345937cc5", "place_name": "M Creative", "primary_category": "graphic_designer", "formatted_address": "", "confidence": 0.97939908288275956, "original_geometry_wkt": "POINT (-80.2461138 36.1009441)" }, "geometry": { "type": "Point", "coordinates": [ -80.2461138, 36.1009441 ] } },
{ "type": "Feature", "properties": { "id": "08f26c865814959b036eb5dec0dc2d7c", "place_name": "8500 North Stemmons Home Base", "primary_category": "event_planning", "formatted_address": "", "confidence": 0.92339261285909713, "original_geometry_wkt": "POINT (-96.871707 32.8280489)" }, "geometry": { "type": "Point", "coordinates": [ -96.871707, 32.8280489 ] } },
{ "type": "Feature", "properties": { "id": "08f44eb6a876615d03149a9ffcf3d74b", "place_name": "Dollar General", "primary_category": "discount_store", "formatted_address": "", "confidence": 0.97939908288275956, "original_geometry_wkt": "POINT (-85.7978632 34.5629341)" }, "geometry": { "type": "Point", "coordinates": [ -85.7978632, 34.5629341 ] } },
{ "type": "Feature", "properties": { "id": "08f29a56ab08acd003403a723d19d4f9", "place_name": "Hawk Importers", "primary_category": "professional_services", "formatted_address": "", "confidence": 0.93596425912137005, "original_geometry_wkt": "POINT (-118.1654016 33.8749788)" }, "geometry": { "type": "Point", "coordinates": [ -118.1654016, 33.8749788 ] } },
{ "type": "Feature", "properties": { "id": "08f29a0993723d0e03090c0c32eb0cb2", "place_name": "The Grossman Law Firm, APC", "primary_category": "wills_trusts_and_probate", "formatted_address": "", "confidence": 0.77, "original_geometry_wkt": "POINT (-117.1663171 33.521049)" }, "geometry": { "type": "Point", "coordinates": [ -117.1663171, 33.521049 ] } },
{ "type": "Feature", "properties": { "id": "08f2659b598ec82503a358affd0ee02e", "place_name": "Robert Half", "primary_category": "employment_agencies", "formatted_address": "", "confidence": 0.97939908288275956, "original_geometry_wkt": "POINT (-89.8381734 35.0987024)" }, "geometry": { "type": "Point", "coordinates": [ -89.8381734, 35.0987024 ] } },
{ "type": "Feature", "properties": { "id": "08f26de6a02c967003fecdb22a4db690", "place_name": "Red Roof", "primary_category": "hotel", "formatted_address": "", "confidence": 0.97939908288275956, "original_geometry_wkt": "POINT (-101.8459139 33.5321521)" }, "geometry": { "type": "Point", "coordinates": [ -101.8459139, 33.5321521 ] } },
{ "type": "Feature", "properties": { "id": "08f275d769b29a6903bf058fddfc4235", "place_name": "Khanya Corporation", "primary_category": "marketing_agency", "formatted_address": "", "confidence": 0.87705559906029762, "original_geometry_wkt": "POINT (-87.9406562 43.0422493)" }, "geometry": { "type": "Point", "coordinates": [ -87.9406562, 43.0422493 ] } },
{ "type": "Feature", "properties": { "id": "08f488b6d30e88920318f8e37351abfd", "place_name": "C DUBBS Remodeling", "primary_category": "home_improvement_store", "formatted_address": "", "confidence": 0.86455331412103742, "original_geometry_wkt": "POINT (-101.4557177 32.2435055)" }, "geometry": { "type": "Point", "coordinates": [ -101.4557177, 32.2435055 ] } },
{ "type": "Feature", "properties": { "id": "08f29b6d336d57330305e311d56e3d68", "place_name": "Zazu Pannee Park Regent", "primary_category": "accommodation", "formatted_address": "", "confidence": 0.31844029244516658, "original_geometry_wkt": "POINT (-112.049418 33.487662)" }, "geometry": { "type": "Point", "coordinates": [ -112.049418, 33.487662 ] } },
{ "type": "Feature", "properties": { "id": "08f2ad035aaf4ac2039c484e6d8e16ee", "place_name": "Guidry Coastal Architecture", "primary_category": "architectural_designer", "formatted_address": "", "confidence": 0.86455331412103742, "original_geometry_wkt": "POINT (-77.8568363 34.1893241)" }, "geometry": { "type": "Point", "coordinates": [ -77.8568363, 34.1893241 ] } },
{ "type": "Feature", "properties": { "id": "08f44a18d80a496c0370558e3a242b92", "place_name": "Ventura Business Solutions", "primary_category": "professional_services", "formatted_address": "", "confidence": 0.86455331412103742, "original_geometry_wkt": "POINT (-80.2547239 25.76228)" }, "geometry": { "type": "Point", "coordinates": [ -80.2547239, 25.76228 ] } },
{ "type": "Feature", "properties": { "id": "08f274b0f0253ab303331772eb1801d6", "place_name": "Subway", "primary_category": "sandwich_shop", "formatted_address": "", "confidence": 0.99526178906303475, "original_geometry_wkt": "POINT (-85.9705754 41.6584277)" }, "geometry": { "type": "Point", "coordinates": [ -85.9705754, 41.6584277 ] } },
{ "type": "Feature", "properties": { "id": "08f44a139437335103e06a38aec56a5e", "place_name": "Hoffer Pest Solutions", "primary_category": "pest_control_service", "formatted_address": "", "confidence": 0.77, "original_geometry_wkt": "POINT (-80.1192 26.137763)" }, "geometry": { "type": "Point", "coordinates": [ -80.1192, 26.137763 ] } },
{ "type": "Feature", "properties": { "id": "08f2a100cac0e4f1033abefc7d8474da", "place_name": "McDonald's", "primary_category": "fast_food_restaurant", "formatted_address": "", "confidence": 0.99526178906303475, "original_geometry_wkt": "POINT (-73.8976528 40.6776008)" }, "geometry": { "type": "Point", "coordinates": [ -73.8976528, 40.6776008 ] } },
{ "type": "Feature", "properties": { "id": "08f28f0334176af50374635d3a065495", "place_name": "A&T Resale", "primary_category": "thrift_store", "formatted_address": "", "confidence": 0.97939908288275956, "original_geometry_wkt": "POINT (-122.9943018 45.596204)" }, "geometry": { "type": "Point", "coordinates": [ -122.9943018, 45.596204 ] } },
{ "type": "Feature", "properties": { "id": "08f44d82898c2d1e032594cbf34cbeb1", "place_name": "The Drug Store Vale", "primary_category": "pharmacy", "formatted_address": "", "confidence": 0.97939908288275956, "original_geometry_wkt": "POINT (-81.4802819 35.5682452)" }, "geometry": { "type": "Point", "coordinates": [ -81.4802819, 35.5682452 ] } },
{ "type": "Feature", "properties": { "id": "08f444112656304303fa03198aedec5f", "place_name": "Motel 6 Alexandria", "primary_category": "hotel", "formatted_address": "", "confidence": 0.99526178906303475, "original_geometry_wkt": "POINT (-92.4785814 31.2940962)" }, "geometry": { "type": "Point", "coordinates": [ -92.4785814, 31.2940962 ] } },
{ "type": "Feature", "properties": { "id": "08f274da5a31e0c403e9d27d16968c33", "place_name": "Autoliv Americas", "primary_category": "professional_services", "formatted_address": "", "confidence": 0.97939908288275956, "original_geometry_wkt": "POINT (-83.2742785 42.6944394)" }, "geometry": { "type": "Point", "coordinates": [ -83.2742785, 42.6944394 ] } },
{ "type": "Feature", "properties": { "id": "08f29a56ce2e96e1033dbdf3c9f9851a", "place_name": "Sam's Watermelons", "primary_category": "grocery_store", "formatted_address": "", "confidence": 0.93596425912137005, "original_geometry_wkt": "POINT (-118.3004849 33.9825335)" }, "geometry": { "type": "Point", "coordinates": [ -118.3004849, 33.9825335 ] } },
{ "type": "Feature", "properties": { "id": "08f29a578bda4450037d7222e42f4da1", "place_name": "Jordanah", "primary_category": "event_planning", "formatted_address": "", "confidence": 0.97564890710382512, "original_geometry_wkt": "POINT (-118.1321789 33.7589515)" }, "geometry": { "type": "Point", "coordinates": [ -118.1321789, 33.7589515 ] } },
{ "type": "Feature", "properties": { "id": "08f262808a182014037ee27b008cff1a", "place_name": "Forest City Inn", "primary_category": "hotel", "formatted_address": "", "confidence": 0.97939908288275956, "original_geometry_wkt": "POINT (-93.6366474 43.2462063)" }, "geometry": { "type": "Point", "coordinates": [ -93.6366474, 43.2462063 ] } },
{ "type": "Feature", "properties": { "id": "08f2aa845eb8520103a7f17fd1fc691f", "place_name": "Bloomingdale Wine and Spirits", "primary_category": "liquor_store", "formatted_address": "", "confidence": 0.97939908288275956, "original_geometry_wkt": "POINT (-77.0123595 38.915465)" }, "geometry": { "type": "Point", "coordinates": [ -77.0123595, 38.915465 ] } },
{ "type": "Feature", "properties": { "id": "08f2b8e6a104c82d03642c26879a2511", "place_name": "T R Jetty Funeral Home Inc", "primary_category": "funeral_services_and_cemeteries", "formatted_address": "", "confidence": 0.97939908288275956, "original_geometry_wkt": "POINT (-76.0864194 44.238381)" }, "geometry": { "type": "Point", "coordinates": [ -76.0864194, 44.238381 ] } },
{ "type": "Feature", "properties": { "id": "08f2ab31ad9098c00350623fdcc1f6e6", "place_name": "Mi Bella Casa Furniture", "primary_category": "furniture_store", "formatted_address": "", "confidence": 0.97939908288275956, "original_geometry_wkt": "POINT (-82.0068383 41.3925935)" }, "geometry": { "type": "Point", "coordinates": [ -82.0068383, 41.3925935 ] } },
{ "type": "Feature", "properties": { "id": "08f44ccd946068d803169fdd034b2789", "place_name": "La Pequena Food Mart", "primary_category": "supermarket", "formatted_address": "", "confidence": 0.97939908288275956, "original_geometry_wkt": "POINT (-84.55702 33.9369407)" }, "geometry": { "type": "Point", "coordinates": [ -84.55702, 33.9369407 ] } },
{ "type": "Feature", "properties": { "id": "08f2a14a83b9a28a0372332d87fe17d4", "place_name": "Delmar Products", "primary_category": "professional_services", "formatted_address": "", "confidence": 0.87705559906029762, "original_geometry_wkt": "POINT (-72.7501828 41.6417356)" }, "geometry": { "type": "Point", "coordinates": [ -72.7501828, 41.6417356 ] } },
{ "type": "Feature", "properties": { "id": "08f264930874b80a03c3903fe19da3b0", "place_name": "Rugged Portable Computers LLC", "primary_category": "it_consultant", "formatted_address": "", "confidence": 0.84324126726238835, "original_geometry_wkt": "POINT (-86.7808780785262 34.67242691543611)" }, "geometry": { "type": "Point", "coordinates": [ -86.7808780785262, 34.672426915436112 ] } },
{ "type": "Feature", "properties": { "id": "08f28308c5c1359803c784f80ec0f24f", "place_name": "Soulfully Dope Kitchen and Catering", "primary_category": "caterer", "formatted_address": "", "confidence": 0.865, "original_geometry_wkt": "POINT (-122.369342 37.9283569)" }, "geometry": { "type": "Point", "coordinates": [ -122.369342, 37.9283569 ] } },
{ "type": "Feature", "properties": { "id": "08f2832ab4703752037ff18aada0852a", "place_name": "Denio's Roseville Farmers Market & Swap Meet", "primary_category": "farmers_market", "formatted_address": "", "confidence": 0.95364238410596025, "original_geometry_wkt": "POINT (-121.3057713 38.7438066)" }, "geometry": { "type": "Point", "coordinates": [ -121.3057713, 38.7438066 ] } },
{ "type": "Feature", "properties": { "id": "08f2659b08855a7503594e72bf627c4c", "place_name": "Yale Tire and Auto Tech", "primary_category": "tire_shop", "formatted_address": "", "confidence": 0.77, "original_geometry_wkt": "POINT (-89.9271509 35.2208683)" }, "geometry": { "type": "Point", "coordinates": [ -89.9271509, 35.2208683 ] } },
{ "type": "Feature", "properties": { "id": "08f264a86a6534b0038003a5f844d012", "place_name": "Finish Line", "primary_category": "shoe_store", "formatted_address": "", "confidence": 0.99526178906303475, "original_geometry_wkt": "POINT (-88.8306536 35.6572467)" }, "geometry": { "type": "Point", "coordinates": [ -88.8306536, 35.6572467 ] } },
{ "type": "Feature", "properties": { "id": "08f29a1dabb5cceb03d1373418c436fb", "place_name": "Docnak Photography", "primary_category": "professional_services", "formatted_address": "", "confidence": 0.86455331412103742, "original_geometry_wkt": "POINT (-118.0159113 34.1184416)" }, "geometry": { "type": "Point", "coordinates": [ -118.0159113, 34.1184416 ] } },
{ "type": "Feature", "properties": { "id": "08f26cb91ed10d0503124c1f695e4345", "place_name": "South Dallas Community Market", "primary_category": "grocery_store", "formatted_address": "", "confidence": 0.92339261285909713, "original_geometry_wkt": "POINT (-96.7531314 32.7503413)" }, "geometry": { "type": "Point", "coordinates": [ -96.7531314, 32.7503413 ] } },
{ "type": "Feature", "properties": { "id": "08f2696148324c1303a942ec1dc12a18", "place_name": "Memos Fruits", "primary_category": "eat_and_drink", "formatted_address": "", "confidence": 0.75796661608497728, "original_geometry_wkt": "POINT (-111.9398212 40.7465874)" }, "geometry": { "type": "Point", "coordinates": [ -111.9398212, 40.7465874 ] } },
{ "type": "Feature", "properties": { "id": "08f29b6d06c5459d0366de766faa0a5e", "place_name": "Blade Editorial Inc", "primary_category": "professional_services", "formatted_address": "", "confidence": 0.89412568306010931, "original_geometry_wkt": "POINT (-112.0734938 33.4837069)" }, "geometry": { "type": "Point", "coordinates": [ -112.0734938, 33.4837069 ] } },
{ "type": "Feature", "properties": { "id": "08f444d68e8e0c09032deb7ed8091c7f", "place_name": "Amigo Juan", "primary_category": "mexican_restaurant", "formatted_address": "", "confidence": 0.865, "original_geometry_wkt": "POINT (-94.0661089 33.467471)" }, "geometry": { "type": "Point", "coordinates": [ -94.0661089, 33.467471 ] } },
{ "type": "Feature", "properties": { "id": "08f2a8ba966e45ab03c0f6e2181f87a6", "place_name": "Burlington Outlet Village", "primary_category": "shopping_center", "formatted_address": "", "confidence": 0.93596425912137005, "original_geometry_wkt": "POINT (-79.4358 36.0669)" }, "geometry": { "type": "Point", "coordinates": [ -79.4358, 36.0669 ] } },
{ "type": "Feature", "properties": { "id": "08f29a1d2e4258db03b7c4087eb8f2a9", "place_name": "Nora Lighting", "primary_category": "lighting_store", "formatted_address": "", "confidence": 0.98527177959791512, "original_geometry_wkt": "POINT (-118.1371671 34.0008164)" }, "geometry": { "type": "Point", "coordinates": [ -118.1371671, 34.0008164 ] } },
{ "type": "Feature", "properties": { "id": "08f2a100eb3b6a58036b1408e30d72b1", "place_name": "Ace Staffing Agency", "primary_category": "professional_services", "formatted_address": "", "confidence": 0.93596425912137005, "original_geometry_wkt": "POINT (-73.8213263 40.6869167)" }, "geometry": { "type": "Point", "coordinates": [ -73.8213263, 40.6869167 ] } },
{ "type": "Feature", "properties": { "id": "08f4455465c0d06e03aebe30a5ea43be", "place_name": "Beachview Vacation Cottages of the Mississippi Gulf Coast", "primary_category": "hotel", "formatted_address": "", "confidence": 0.97939908288275956, "original_geometry_wkt": "POINT (-89.0319032 30.3835863)" }, "geometry": { "type": "Point", "coordinates": [ -89.0319032, 30.3835863 ] } },
{ "type": "Feature", "properties": { "id": "08f2ab251166172503fd7ee6925ae721", "place_name": "Busch's Fresh Food Market", "primary_category": "international_grocery_store", "formatted_address": "", "confidence": 0.77, "original_geometry_wkt": "POINT (-83.4853147 42.3061464)" }, "geometry": { "type": "Point", "coordinates": [ -83.4853147, 42.3061464 ] } },
{ "type": "Feature", "properties": { "id": "08f139a52202a45d03d36833612926cb", "place_name": "Pybus Point Lodge", "primary_category": "lodge", "formatted_address": "", "confidence": 0.91088026243849096, "original_geometry_wkt": "POINT (-134.1342328 57.3058691)" }, "geometry": { "type": "Point", "coordinates": [ -134.1342328, 57.3058691 ] } },
{ "type": "Feature", "properties": { "id": "08f2aa1154a2d611034a6bafc24aa955", "place_name": "Indies", "primary_category": "bar", "formatted_address": "", "confidence": 0.35447154471544717, "original_geometry_wkt": "POINT (-76.559231 40.788972)" }, "geometry": { "type": "Point", "coordinates": [ -76.559231, 40.788972 ] } },
{ "type": "Feature", "properties": { "id": "08f2ab2d82bb295e031c0e74eeede8ae", "place_name": "Pizza Hut Express", "primary_category": "pizza_restaurant", "formatted_address": "", "confidence": 0.99526178906303475, "original_geometry_wkt": "POINT (-83.2933189 42.6036334)" }, "geometry": { "type": "Point", "coordinates": [ -83.2933189, 42.6036334 ] } },
{ "type": "Feature", "properties": { "id": "08f44da876976af303393dfd2f3fb439", "place_name": "The Honey Baked Ham Company", "primary_category": "restaurant", "formatted_address": "", "confidence": 0.99526178906303475, "original_geometry_wkt": "POINT (-80.5795904 35.0236581)" }, "geometry": { "type": "Point", "coordinates": [ -80.5795904, 35.0236581 ] } },
{ "type": "Feature", "properties": { "id": "08f2659a0cc6590803dd941c90df1da4", "place_name": "FairBridge Inn Express Memphis", "primary_category": "hotel", "formatted_address": "", "confidence": 0.97939908288275956, "original_geometry_wkt": "POINT (-89.9663657 35.0912225)" }, "geometry": { "type": "Point", "coordinates": [ -89.9663657, 35.0912225 ] } },
{ "type": "Feature", "properties": { "id": "08f2a92571072446034e488e8ffa7355", "place_name": "Taco Bell", "primary_category": "fast_food_restaurant", "formatted_address": "", "confidence": 0.99526178906303475, "original_geometry_wkt": "POINT (-85.7105517 40.1012193)" }, "geometry": { "type": "Point", "coordinates": [ -85.7105517, 40.1012193 ] } },
{ "type": "Feature", "properties": { "id": "08f29a1d4c171cc603bebdd37dd9b4c2", "place_name": "UPS Access Point location", "primary_category": "courier_and_delivery_services", "formatted_address": "", "confidence": 0.77, "original_geometry_wkt": "POINT (-118.3212941 34.1201493)" }, "geometry": { "type": "Point", "coordinates": [ -118.3212941, 34.1201493 ] } },
{ "type": "Feature", "properties": { "id": "08f489aa2d07686503f81f7bf04af9a6", "place_name": "Insta Ramen", "primary_category": "restaurant", "formatted_address": "", "confidence": 0.97939908288275956, "original_geometry_wkt": "POINT (-97.7384345 31.0806992)" }, "geometry": { "type": "Point", "coordinates": [ -97.7384345, 31.0806992 ] } },
{ "type": "Feature", "properties": { "id": "08f2ad37a14343850391dd40081f8e9f", "place_name": "La Taqueria", "primary_category": "mexican_restaurant", "formatted_address": "", "confidence": 0.97939908288275956, "original_geometry_wkt": "POINT (-79.0216397 33.5810797)" }, "geometry": { "type": "Point", "coordinates": [ -79.0216397, 33.5810797 ] } },
{ "type": "Feature", "properties": { "id": "08f275d29d245681034cfc53318aa7de", "place_name": "Cubanitas Oak Creek", "primary_category": "cuban_restaurant", "formatted_address": "", "confidence": 0.99526178906303475, "original_geometry_wkt": "POINT (-87.9179407 42.899806)" }, "geometry": { "type": "Point", "coordinates": [ -87.9179407, 42.899806 ] } },
{ "type": "Feature", "properties": { "id": "08f29b6d5d352755036ac504152622eb", "place_name": "Tempus West Valley Realty", "primary_category": "videographer", "formatted_address": "", "confidence": 0.77, "original_geometry_wkt": "POINT (-112.27886708465576 33.63854444930663)" }, "geometry": { "type": "Point", "coordinates": [ -112.278867084655758, 33.638544449306629 ] } },
{ "type": "Feature", "properties": { "id": "08f260d87291a36303e6c8529d091026", "place_name": "MACLYN DSM", "primary_category": "advertising_agency", "formatted_address": "", "confidence": 0.77, "original_geometry_wkt": "POINT (-93.6305671 41.5866558)" }, "geometry": { "type": "Point", "coordinates": [ -93.6305671, 41.5866558 ] } },
{ "type": "Feature", "properties": { "id": "08f262cac8b6eb1e0391227e7055806f", "place_name": "Tilly's American Travelers RV Park", "primary_category": "rv_park", "formatted_address": "", "confidence": 0.97939908288275956, "original_geometry_wkt": "POINT (-92.5343629 44.153446)" }, "geometry": { "type": "Point", "coordinates": [ -92.5343629, 44.153446 ] } },
{ "type": "Feature", "properties": { "id": "08f44438aab12ab603d0468da22e9a5e", "place_name": "CubeSmart Self Storage", "primary_category": "self_storage_facility", "formatted_address": "", "confidence": 0.99526178906303475, "original_geometry_wkt": "POINT (-91.3462035 31.5639683)" }, "geometry": { "type": "Point", "coordinates": [ -91.3462035, 31.5639683 ] } },
{ "type": "Feature", "properties": { "id": "08f2aa80214d98ae03e4bdcff9f59a06", "place_name": "Joss Café", "primary_category": "sushi_restaurant", "formatted_address": "", "confidence": 0.97939908288275956, "original_geometry_wkt": "POINT (-76.4909511 38.9779122)" }, "geometry": { "type": "Point", "coordinates": [ -76.4909511, 38.9779122 ] } },
{ "type": "Feature", "properties": { "id": "08f2ab3850aca311032a958e700a41e6", "place_name": "Chuck Brown II Bail Bonds", "primary_category": "bail_bonds_service", "formatted_address": "", "confidence": 0.92339261285909713, "original_geometry_wkt": "POINT (-81.5647179 41.4589502)" }, "geometry": { "type": "Point", "coordinates": [ -81.5647179, 41.4589502 ] } },
{ "type": "Feature", "properties": { "id": "08f29a109291a22203ed0bdb701120bc", "place_name": "Starbucks", "primary_category": "coffee_shop", "formatted_address": "", "confidence": 0.99526178906303475, "original_geometry_wkt": "POINT (-118.1841834 34.6032754)" }, "geometry": { "type": "Point", "coordinates": [ -118.1841834, 34.6032754 ] } },
{ "type": "Feature", "properties": { "id": "08f265b48c6ea6d803c7d68182ab94f8", "place_name": "Nabholz", "primary_category": "construction_services", "formatted_address": "", "confidence": 0.93596425912137005, "original_geometry_wkt": "POINT (-92.3908894 34.7375866)" }, "geometry": { "type": "Point", "coordinates": [ -92.3908894, 34.7375866 ] } },
{ "type": "Feature", "properties": { "id": "08f2aa8d1dc436ac03ab8fa08d441cc3", "place_name": "A & A Hearing Group", "primary_category": "hearing_aids", "formatted_address": "", "confidence": 0.77, "original_geometry_wkt": "POINT (-76.62215424 39.43168259)" }, "geometry": { "type": "Point", "coordinates": [ -76.62215424, 39.43168259 ] } },
{ "type": "Feature", "properties": { "id": "08f44d071b58a00403e9419f27fabdf5", "place_name": "Waters Edge Shem Creek", "primary_category": "bar", "formatted_address": "", "confidence": 0.48475791990436345, "original_geometry_wkt": "POINT (-79.881891 32.7926738)" }, "geometry": { "type": "Point", "coordinates": [ -79.881891, 32.7926738 ] } },
{ "type": "Feature", "properties": { "id": "08f44c42e312cac103267191aa401ab4", "place_name": "Perfect Equipment Company", "primary_category": "professional_services", "formatted_address": "", "confidence": 0.31844029244516658, "original_geometry_wkt": "POINT (-83.69752 32.32576)" }, "geometry": { "type": "Point", "coordinates": [ -83.69752, 32.32576 ] } },
{ "type": "Feature", "properties": { "id": "08f4891835a70b4103fe4690ab6900aa", "place_name": "Mcconnell State Prison", "primary_category": "accommodation", "formatted_address": "", "confidence": 0.48475791990436345, "original_geometry_wkt": "POINT (-97.7198516 28.3732004)" }, "geometry": { "type": "Point", "coordinates": [ -97.7198516, 28.3732004 ] } },
{ "type": "Feature", "properties": { "id": "08f2a10046b45c73034fe2d3c453591b", "place_name": "Phoenix Building Products", "primary_category": "building_supply_store", "formatted_address": "", "confidence": 0.99526178906303475, "original_geometry_wkt": "POINT (-73.6725282 40.7475213)" }, "geometry": { "type": "Point", "coordinates": [ -73.6725282, 40.7475213 ] } },
{ "type": "Feature", "properties": { "id": "08f264620c6d462503efe86fc222ba15", "place_name": "Bellerive Gardens Cemetery", "primary_category": "funeral_services_and_cemeteries", "formatted_address": "", "confidence": 0.97939908288275956, "original_geometry_wkt": "POINT (-90.4697333 38.6666521)" }, "geometry": { "type": "Point", "coordinates": [ -90.4697333, 38.6666521 ] } },
{ "type": "Feature", "properties": { "id": "08f2759301db539d0356df261133ee31", "place_name": "Palatine Farmers' Market", "primary_category": "farmers_market", "formatted_address": "", "confidence": 0.97939908288275956, "original_geometry_wkt": "POINT (-88.0469241 42.1128041)" }, "geometry": { "type": "Point", "coordinates": [ -88.0469241, 42.1128041 ] } },
{ "type": "Feature", "properties": { "id": "08f2664c1e12970c0346c7c9976d89f7", "place_name": "SEPHORA", "primary_category": "cosmetic_and_beauty_supplies", "formatted_address": "", "confidence": 0.97939908288275956, "original_geometry_wkt": "POINT (-87.6228929 41.8979769)" }, "geometry": { "type": "Point", "coordinates": [ -87.6228929, 41.8979769 ] } },
{ "type": "Feature", "properties": { "id": "08f44d070acc6b2c03d8c7777106600f", "place_name": "Louis Vuitton", "primary_category": "fashion_accessories_store", "formatted_address": "", "confidence": 0.99526178906303475, "original_geometry_wkt": "POINT (-79.9329453 32.7809107)" }, "geometry": { "type": "Point", "coordinates": [ -79.9329453, 32.7809107 ] } },
{ "type": "Feature", "properties": { "id": "08f279e4a851308b030373f134af2819", "place_name": "Big Timber Daycare", "primary_category": "day_care_preschool", "formatted_address": "", "confidence": 0.97939908288275956, "original_geometry_wkt": "POINT (-109.9433057 45.8337935)" }, "geometry": { "type": "Point", "coordinates": [ -109.9433057, 45.8337935 ] } },
{ "type": "Feature", "properties": { "id": "08f29acb7491b22c03961762ac2cde06", "place_name": "Plenty on Bell", "primary_category": "restaurant", "formatted_address": "", "confidence": 0.97939908288275956, "original_geometry_wkt": "POINT (-120.2775814 34.7438986)" }, "geometry": { "type": "Point", "coordinates": [ -120.2775814, 34.7438986 ] } },
{ "type": "Feature", "properties": { "id": "08f28f01800adc1003a03707f48a758b", "place_name": "Smooth Systems Construction", "primary_category": "professional_services", "formatted_address": "", "confidence": 0.91088026243849096, "original_geometry_wkt": "POINT (-122.4759147 45.4918107)" }, "geometry": { "type": "Point", "coordinates": [ -122.4759147, 45.4918107 ] } },
{ "type": "Feature", "properties": { "id": "08f29a0969036391032504daedc00ff3", "place_name": "Surf Cycle Laundromat", "primary_category": "laundromat", "formatted_address": "", "confidence": 0.97939908288275956, "original_geometry_wkt": "POINT (-117.6761476 33.4674073)" }, "geometry": { "type": "Point", "coordinates": [ -117.6761476, 33.4674073 ] } },
{ "type": "Feature", "properties": { "id": "08f29a926d790723035579618f9c1a4b", "place_name": "Gerd Schneider Nursery LLC", "primary_category": "nursery_and_gardening", "formatted_address": "", "confidence": 0.97939908288275956, "original_geometry_wkt": "POINT (-121.5317864 36.9687127)" }, "geometry": { "type": "Point", "coordinates": [ -121.5317864, 36.9687127 ] } },
{ "type": "Feature", "properties": { "id": "08f5d115334485b403081002c9f68498", "place_name": "Hawaii Island Ice Distributors", "primary_category": "ice_cream_shop", "formatted_address": "", "confidence": 0.97939908288275956, "original_geometry_wkt": "POINT (-155.0681931 19.7248313)" }, "geometry": { "type": "Point", "coordinates": [ -155.0681931, 19.7248313 ] } },
{ "type": "Feature", "properties": { "id": "08f44e9c9681bcb403c0ec0fc0ce0329", "place_name": "Budget Motel", "primary_category": "hotel", "formatted_address": "", "confidence": 0.93596425912137005, "original_geometry_wkt": "POINT (-86.8706343 33.540673)" }, "geometry": { "type": "Point", "coordinates": [ -86.8706343, 33.540673 ] } },
{ "type": "Feature", "properties": { "id": "08f2a930f2c452e203916aaade1ea210", "place_name": "Buckeye Carbide", "primary_category": "online_shop", "formatted_address": "", "confidence": 0.77, "original_geometry_wkt": "POINT (-84.551325 39.105771)" }, "geometry": { "type": "Point", "coordinates": [ -84.551325, 39.105771 ] } },
{ "type": "Feature", "properties": { "id": "08f29a1b1364219903f1278ee57f0037", "place_name": "Whitakers Hardware", "primary_category": "hardware_store", "formatted_address": "", "confidence": 0.99526178906303475, "original_geometry_wkt": "POINT (-118.8796407 34.2855036)" }, "geometry": { "type": "Point", "coordinates": [ -118.8796407, 34.2855036 ] } },
{ "type": "Feature", "properties": { "id": "08f2b890a368bb1103b3a9b0a0dd74d3", "place_name": "Hoarder's Honeypot", "primary_category": "thrift_store", "formatted_address": "", "confidence": 0.97939908288275956, "original_geometry_wkt": "POINT (-74.0329839 42.6998235)" }, "geometry": { "type": "Point", "coordinates": [ -74.0329839, 42.6998235 ] } },
{ "type": "Feature", "properties": { "id": "08f2ad4d2a30583203b5846e1271d213", "place_name": "The Wash House", "primary_category": "dry_cleaning", "formatted_address": "", "confidence": 0.97939908288275956, "original_geometry_wkt": "POINT (-77.5620157 35.8992732)" }, "geometry": { "type": "Point", "coordinates": [ -77.5620157, 35.8992732 ] } },
{ "type": "Feature", "properties": { "id": "08f298cb1e73450003321ebbeed09bda", "place_name": "Mammoth Village Gondola", "primary_category": "hotel", "formatted_address": "", "confidence": 0.58602150537634412, "original_geometry_wkt": "POINT (-118.985239 37.65004)" }, "geometry": { "type": "Point", "coordinates": [ -118.985239, 37.65004 ] } },
{ "type": "Feature", "properties": { "id": "08f28c6004a6a5520366aaebfff8fdce", "place_name": "Kraken Beach Arts", "primary_category": "arts_and_crafts", "formatted_address": "", "confidence": 0.86455331412103742, "original_geometry_wkt": "POINT (-124.1057816 46.8900849)" }, "geometry": { "type": "Point", "coordinates": [ -124.1057816, 46.8900849 ] } },
{ "type": "Feature", "properties": { "id": "08f2a8e4cc0c11030321cc02c69c7bb8", "place_name": "Greenbrier Medical Arts Pharmacy", "primary_category": "pharmacy", "formatted_address": "", "confidence": 0.77, "original_geometry_wkt": "POINT (-80.469931 37.772697)" }, "geometry": { "type": "Point", "coordinates": [ -80.469931, 37.772697 ] } },
{ "type": "Feature", "properties": { "id": "08f446e119883c150375c37494cc4948", "place_name": "UPS Customer Center", "primary_category": "professional_services", "formatted_address": "", "confidence": 0.58602150537634412, "original_geometry_wkt": "POINT (-93.88673 29.936922)" }, "geometry": { "type": "Point", "coordinates": [ -93.88673, 29.936922 ] } },
{ "type": "Feature", "properties": { "id": "08f2ab5b32a11d940300d9faba7d2154", "place_name": "Drab Law Office", "primary_category": "lawyer", "formatted_address": "", "confidence": 0.99526178906303475, "original_geometry_wkt": "POINT (-79.333618 42.4805994)" }, "geometry": { "type": "Point", "coordinates": [ -79.333618, 42.4805994 ] } },
{ "type": "Feature", "properties": { "id": "08f275d39bd1dc4103cc91e4a581d097", "place_name": "Debt Advisors Law Offices Downtown Milwaukee", "primary_category": "bankruptcy_law", "formatted_address": "", "confidence": 0.77, "original_geometry_wkt": "POINT (-87.90829 43.03925)" }, "geometry": { "type": "Point", "coordinates": [ -87.90829, 43.03925 ] } },
{ "type": "Feature", "properties": { "id": "08f44a132815373603f19b6657f03be8", "place_name": "Chocolatissimo Bakery", "primary_category": "bakery", "formatted_address": "", "confidence": 0.48475791990436345, "original_geometry_wkt": "POINT (-80.37359 26.12212)" }, "geometry": { "type": "Point", "coordinates": [ -80.37359, 26.12212 ] } },
{ "type": "Feature", "properties": { "id": "08f2a86914ae28d903df50ebd97962e7", "place_name": "Best Western Plus Dutch Haus Inn and Suites", "primary_category": "hotel", "formatted_address": "", "confidence": 0.97939908288275956, "original_geometry_wkt": "POINT (-80.6948665 40.9004913)" }, "geometry": { "type": "Point", "coordinates": [ -80.6948665, 40.9004913 ] } },
{ "type": "Feature", "properties": { "id": "08f2696065ac382d039f10dab66abbca", "place_name": "Betos!", "primary_category": "mexican_restaurant", "formatted_address": "", "confidence": 0.48475791990436345, "original_geometry_wkt": "POINT (-111.93818 40.70175)" }, "geometry": { "type": "Point", "coordinates": [ -111.93818, 40.70175 ] } },
{ "type": "Feature", "properties": { "id": "08f2600b1d28b768034f9e41980fe464", "place_name": "Storage Center", "primary_category": "storage_facility", "formatted_address": "", "confidence": 0.99526178906303475, "original_geometry_wkt": "POINT (-96.8334442 43.5150923)" }, "geometry": { "type": "Point", "coordinates": [ -96.8334442, 43.5150923 ] } },
{ "type": "Feature", "properties": { "id": "08f26e5bacac063503417b44890234e0", "place_name": "Shred Nations", "primary_category": "shredding_services", "formatted_address": "", "confidence": 0.97564890710382512, "original_geometry_wkt": "POINT (-95.2889605 38.9729138)" }, "geometry": { "type": "Point", "coordinates": [ -95.2889605, 38.9729138 ] } },
{ "type": "Feature", "properties": { "id": "08f2b8a32e69a1a903faa05285b4e0d0", "place_name": "Cookies Services", "primary_category": "construction_services", "formatted_address": "", "confidence": 0.97950246036085287, "original_geometry_wkt": "POINT (-75.92842 43.2821958)" }, "geometry": { "type": "Point", "coordinates": [ -75.92842, 43.2821958 ] } },
{ "type": "Feature", "properties": { "id": "08f269680b0a889d037b29c5a672b36a", "place_name": "Deseret Food Store", "primary_category": "grocery_store", "formatted_address": "", "confidence": 0.51851851851851849, "original_geometry_wkt": "POINT (-111.9375878 41.0350551)" }, "geometry": { "type": "Point", "coordinates": [ -111.9375878, 41.0350551 ] } },
{ "type": "Feature", "properties": { "id": "08f2a16a2d3a516203948095e0ec75da", "place_name": "Ready Coffee", "primary_category": "coffee_shop", "formatted_address": "", "confidence": 0.97994612391499547, "original_geometry_wkt": "POINT (-73.913437 41.6137494)" }, "geometry": { "type": "Point", "coordinates": [ -73.913437, 41.6137494 ] } },
{ "type": "Feature", "properties": { "id": "08f29a0b6a91042003c04bfbd9fdb8c1", "place_name": "Shilpark Paint - Garden Grove", "primary_category": "paint_store", "formatted_address": "", "confidence": 0.77, "original_geometry_wkt": "POINT (-117.974696 33.774217)" }, "geometry": { "type": "Point", "coordinates": [ -117.974696, 33.774217 ] } },
{ "type": "Feature", "properties": { "id": "08f44f16edacec1a0388588fbcb14660", "place_name": "The Blueberry Warehouse", "primary_category": "fruits_and_vegetables", "formatted_address": "", "confidence": 0.97939908288275956, "original_geometry_wkt": "POINT (-82.4719403 31.5396344)" }, "geometry": { "type": "Point", "coordinates": [ -82.4719403, 31.5396344 ] } },
{ "type": "Feature", "properties": { "id": "08f2a10773c0d49a0305e4e82bdf49ec", "place_name": "Evergreen Lumber", "primary_category": "hardware_store", "formatted_address": "", "confidence": 0.93596425912137005, "original_geometry_wkt": "POINT (-74.0149359 40.6371206)" }, "geometry": { "type": "Point", "coordinates": [ -74.0149359, 40.6371206 ] } },
{ "type": "Feature", "properties": { "id": "08f2aa86b565942103f758737cca263f", "place_name": "Elsy Express", "primary_category": "shopping", "formatted_address": "", "confidence": 0.48475791990436345, "original_geometry_wkt": "POINT (-77.1237564 38.7196693)" }, "geometry": { "type": "Point", "coordinates": [ -77.1237564, 38.7196693 ] } },
{ "type": "Feature", "properties": { "id": "08f2a80b4312993503c5a5d252aaf6b2", "place_name": "West Fork Events", "primary_category": "event_planning", "formatted_address": "", "confidence": 0.97939908288275956, "original_geometry_wkt": "POINT (-79.4834185 39.5238505)" }, "geometry": { "type": "Point", "coordinates": [ -79.4834185, 39.5238505 ] } },
{ "type": "Feature", "properties": { "id": "08f29a418666042303accd68f3ac6f48", "place_name": "ampm", "primary_category": "convenience_store", "formatted_address": "", "confidence": 0.99526178906303475, "original_geometry_wkt": "POINT (-117.0425875 32.7457757)" }, "geometry": { "type": "Point", "coordinates": [ -117.0425875, 32.7457757 ] } },
{ "type": "Feature", "properties": { "id": "08f2aae08ac3273303dbb2ea3a3611eb", "place_name": "Wendy's", "primary_category": "fast_food_restaurant", "formatted_address": "", "confidence": 0.99526178906303475, "original_geometry_wkt": "POINT (-77.5672459 39.7503773)" }, "geometry": { "type": "Point", "coordinates": [ -77.5672459, 39.7503773 ] } },
{ "type": "Feature", "properties": { "id": "08f262cda6385b89030b5a9153f8a31f", "place_name": "Hotel Excelsior", "primary_category": "hotel", "formatted_address": "", "confidence": 0.99526178906303475, "original_geometry_wkt": "POINT (-93.5670781 44.9031071)" }, "geometry": { "type": "Point", "coordinates": [ -93.5670781, 44.9031071 ] } },
{ "type": "Feature", "properties": { "id": "08f28d4ad1aaeca8032c856abf6c9dbc", "place_name": "King's Teriyaki", "primary_category": "japanese_restaurant", "formatted_address": "", "confidence": 0.97939908288275956, "original_geometry_wkt": "POINT (-121.9839315 47.2004243)" }, "geometry": { "type": "Point", "coordinates": [ -121.9839315, 47.2004243 ] } },
{ "type": "Feature", "properties": { "id": "08f2b8d15acd202003a3c3f857903dc8", "place_name": "Marble Valley Engineering", "primary_category": "engineering_services", "formatted_address": "", "confidence": 0.93596425912137005, "original_geometry_wkt": "POINT (-72.9811141 43.6104839)" }, "geometry": { "type": "Point", "coordinates": [ -72.9811141, 43.6104839 ] } },
{ "type": "Feature", "properties": { "id": "08f29b6cccd0344b039be71106673105", "place_name": "Tortas Chano", "primary_category": "mexican_restaurant", "formatted_address": "", "confidence": 0.99526178906303475, "original_geometry_wkt": "POINT (-112.1324314 33.8441965)" }, "geometry": { "type": "Point", "coordinates": [ -112.1324314, 33.8441965 ] } },
{ "type": "Feature", "properties": { "id": "08f2aa38c1b9312c034441bf768499ce", "place_name": "Army Medical Recruiting", "primary_category": "professional_services", "formatted_address": "", "confidence": 0.93596425912137005, "original_geometry_wkt": "POINT (-77.85961 40.79506)" }, "geometry": { "type": "Point", "coordinates": [ -77.85961, 40.79506 ] } },
{ "type": "Feature", "properties": { "id": "08f44a8903286009031492c267a84177", "place_name": "Nutmeg's Cafe", "primary_category": "bakery", "formatted_address": "", "confidence": 0.97994612391499547, "original_geometry_wkt": "POINT (-80.8353283 27.2430865)" }, "geometry": { "type": "Point", "coordinates": [ -80.8353283, 27.2430865 ] } },
{ "type": "Feature", "properties": { "id": "08f2a14b83b1d90b03b37e4834d96837", "place_name": "CVS Pharmacy", "primary_category": "online_shop", "formatted_address": "", "confidence": 0.77, "original_geometry_wkt": "POINT (-72.6388 41.7745)" }, "geometry": { "type": "Point", "coordinates": [ -72.6388, 41.7745 ] } },
{ "type": "Feature", "properties": { "id": "08f2a9c5915140b403b351d3326446f5", "place_name": "The Faulkner Law Office", "primary_category": "personal_injury_law", "formatted_address": "", "confidence": 0.99526178906303475, "original_geometry_wkt": "POINT (-82.8575124 38.7301384)" }, "geometry": { "type": "Point", "coordinates": [ -82.8575124, 38.7301384 ] } },
{ "type": "Feature", "properties": { "id": "08f29a8432c8eb00037b153ccd5bf699", "place_name": "Fast and Friendly", "primary_category": "health_food_store", "formatted_address": "", "confidence": 0.93596425912137005, "original_geometry_wkt": "POINT (-119.09053 36.20554)" }, "geometry": { "type": "Point", "coordinates": [ -119.09053, 36.20554 ] } },
{ "type": "Feature", "properties": { "id": "08f26818208f3486033855c455f0f042", "place_name": "Rocky Mountain Connection", "primary_category": "shoe_store", "formatted_address": "", "confidence": 0.93596425912137005, "original_geometry_wkt": "POINT (-105.5229496 40.3763509)" }, "geometry": { "type": "Point", "coordinates": [ -105.5229496, 40.3763509 ] } },
{ "type": "Feature", "properties": { "id": "08f441e5998dc6cb0379e10e1d38c140", "place_name": "PostNet", "primary_category": "printing_services", "formatted_address": "", "confidence": 0.99526178906303475, "original_geometry_wkt": "POINT (-82.1590044 27.0679415)" }, "geometry": { "type": "Point", "coordinates": [ -82.1590044, 27.0679415 ] } },
{ "type": "Feature", "properties": { "id": "08f2a3499dcf213203eeb54cb01f400e", "place_name": "Coastal Electronics", "primary_category": "electronics", "formatted_address": "", "confidence": 0.98527177959791512, "original_geometry_wkt": "POINT (-69.6688654 44.019241)" }, "geometry": { "type": "Point", "coordinates": [ -69.6688654, 44.019241 ] } },
{ "type": "Feature", "properties": { "id": "08f2a1004b0184ac03ccec805926abb0", "place_name": "Ni Ramen", "primary_category": "japanese_restaurant", "formatted_address": "", "confidence": 0.97939908288275956, "original_geometry_wkt": "POINT (-73.6718362 40.6569479)" }, "geometry": { "type": "Point", "coordinates": [ -73.6718362, 40.6569479 ] } },
{ "type": "Feature", "properties": { "id": "08f2a306718f08ee0390e682f933e830", "place_name": "Life Alive Organic Cafe", "primary_category": "vegetarian_restaurant", "formatted_address": "", "confidence": 0.97939908288275956, "original_geometry_wkt": "POINT (-71.1196378 42.3729802)" }, "geometry": { "type": "Point", "coordinates": [ -71.1196378, 42.3729802 ] } },
{ "type": "Feature", "properties": { "id": "08f2a3497676670203844056f073e79c", "place_name": "Friendship Village Co-op", "primary_category": "flowers_and_gifts_shop", "formatted_address": "", "confidence": 0.97939908288275956, "original_geometry_wkt": "POINT (-69.3335785 43.9842881)" }, "geometry": { "type": "Point", "coordinates": [ -69.3335785, 43.9842881 ] } },
{ "type": "Feature", "properties": { "id": "08f29ac4da45c3a103c1e12449f23026", "place_name": "Bakersfield Photo Booth Rentals", "primary_category": "event_planning", "formatted_address": "", "confidence": 0.97564890710382512, "original_geometry_wkt": "POINT (-119.0936425 35.355756)" }, "geometry": { "type": "Point", "coordinates": [ -119.0936425, 35.355756 ] } },
{ "type": "Feature", "properties": { "id": "08f44ca028926d9203ff41b767341a7f", "place_name": "Grand Summit View", "primary_category": "cabin", "formatted_address": "", "confidence": 0.31844029244516658, "original_geometry_wkt": "POINT (-83.5599993 35.7069352)" }, "geometry": { "type": "Point", "coordinates": [ -83.5599993, 35.7069352 ] } },
{ "type": "Feature", "properties": { "id": "08f26e53634191b403d8aa3573a7aaf5", "place_name": "Hardee’s", "primary_category": "burger_restaurant", "formatted_address": "", "confidence": 0.77, "original_geometry_wkt": "POINT (-95.26548 38.57281)" }, "geometry": { "type": "Point", "coordinates": [ -95.26548, 38.57281 ] } },
{ "type": "Feature", "properties": { "id": "08f2a10a263557aa035d8858e97eaf9c", "place_name": "Taco Bell", "primary_category": "fast_food_restaurant", "formatted_address": "", "confidence": 0.99526178906303475, "original_geometry_wkt": "POINT (-73.2046532 40.7899434)" }, "geometry": { "type": "Point", "coordinates": [ -73.2046532, 40.7899434 ] } },
{ "type": "Feature", "properties": { "id": "08f2ab2c1e10d01c031b32443f5632ff", "place_name": "Koi Express Hibachi and Sushi", "primary_category": "restaurant", "formatted_address": "", "confidence": 0.97939908288275956, "original_geometry_wkt": "POINT (-83.201646 42.4608943)" }, "geometry": { "type": "Point", "coordinates": [ -83.201646, 42.4608943 ] } },
{ "type": "Feature", "properties": { "id": "08f2668659b1882503bd81fb6b0f0b1c", "place_name": "All Saints Camp and Retreat Center", "primary_category": "campground", "formatted_address": "", "confidence": 0.97939908288275956, "original_geometry_wkt": "POINT (-86.368007 37.5646599)" }, "geometry": { "type": "Point", "coordinates": [ -86.368007, 37.5646599 ] } },
{ "type": "Feature", "properties": { "id": "08f44ae8e516e064032c83e9ccb7e60d", "place_name": "Hydrangea Flowers and Events", "primary_category": "flowers_and_gifts_shop", "formatted_address": "", "confidence": 0.99526178906303475, "original_geometry_wkt": "POINT (-80.0561794 26.6905334)" }, "geometry": { "type": "Point", "coordinates": [ -80.0561794, 26.6905334 ] } },
{ "type": "Feature", "properties": { "id": "08f44a1bb0892ca803fefe139c9de12f", "place_name": "4th Street Commons", "primary_category": "accommodation", "formatted_address": "", "confidence": 0.97994612391499547, "original_geometry_wkt": "POINT (-80.3720758 25.7650808)" }, "geometry": { "type": "Point", "coordinates": [ -80.3720758, 25.7650808 ] } },
{ "type": "Feature", "properties": { "id": "08f2656016618aaa03f45a3b49b0ba01", "place_name": "Bessine Walterbach", "primary_category": "lawyer", "formatted_address": "", "confidence": 0.87705559906029762, "original_geometry_wkt": "POINT (-94.54426 39.2043087)" }, "geometry": { "type": "Point", "coordinates": [ -94.54426, 39.2043087 ] } },
{ "type": "Feature", "properties": { "id": "08f441ad5dab099b030b26a8f1efd238", "place_name": "Exuberant Tropicals Nursery", "primary_category": "nursery_and_gardening", "formatted_address": "", "confidence": 0.97939908288275956, "original_geometry_wkt": "POINT (-82.3856418 27.8268555)" }, "geometry": { "type": "Point", "coordinates": [ -82.3856418, 27.8268555 ] } },
{ "type": "Feature", "properties": { "id": "08f44a98cd29b933034e46c3e3ec7e68", "place_name": "Motel 6 Orlando Kissimmee Main Gate West", "primary_category": "hotel", "formatted_address": "", "confidence": 0.31844029244516658, "original_geometry_wkt": "POINT (-81.585018 28.334163)" }, "geometry": { "type": "Point", "coordinates": [ -81.585018, 28.334163 ] } },
{ "type": "Feature", "properties": { "id": "08f261650ad30512038354b0d63e8de4", "place_name": "Long John Silver's", "primary_category": "fast_food_restaurant", "formatted_address": "", "confidence": 0.77, "original_geometry_wkt": "POINT (-103.1972292 44.0871831)" }, "geometry": { "type": "Point", "coordinates": [ -103.1972292, 44.0871831 ] } },
{ "type": "Feature", "properties": { "id": "08f266d32d3209830327457fa9a7744f", "place_name": "Boost Mobile", "primary_category": "mobile_phone_store", "formatted_address": "", "confidence": 0.99526178906303475, "original_geometry_wkt": "POINT (-84.5191151 38.007152)" }, "geometry": { "type": "Point", "coordinates": [ -84.5191151, 38.007152 ] } },
{ "type": "Feature", "properties": { "id": "08f44c228650502b038f024d6fceaef2", "place_name": "Dumpee Dumpsters", "primary_category": "garbage_collection_service", "formatted_address": "", "confidence": 0.87705559906029762, "original_geometry_wkt": "POINT (-82.0803119 33.4987989)" }, "geometry": { "type": "Point", "coordinates": [ -82.0803119, 33.4987989 ] } },
{ "type": "Feature", "properties": { "id": "08f28d5576ae9635031b6974e2a54d8d", "place_name": "Mattress Firm", "primary_category": "mattress_store", "formatted_address": "", "confidence": 0.99526178906303475, "original_geometry_wkt": "POINT (-122.3667933 47.5225566)" }, "geometry": { "type": "Point", "coordinates": [ -122.3667933, 47.5225566 ] } },
{ "type": "Feature", "properties": { "id": "08f2680041549ca803b172e92396c2ef", "place_name": "Pioneer Ridge", "primary_category": "holiday_rental_home", "formatted_address": "", "confidence": 0.35447154471544717, "original_geometry_wkt": "POINT (-106.8187588 40.4593073)" }, "geometry": { "type": "Point", "coordinates": [ -106.8187588, 40.4593073 ] } },
{ "type": "Feature", "properties": { "id": "08f29a54db20b98503452132b4a211ce", "place_name": "Yogis Teriyaki", "primary_category": "japanese_restaurant", "formatted_address": "", "confidence": 0.97939908288275956, "original_geometry_wkt": "POINT (-117.9073804 33.7135293)" }, "geometry": { "type": "Point", "coordinates": [ -117.9073804, 33.7135293 ] } },
{ "type": "Feature", "properties": { "id": "08f2aaa28e9a64b503f61ec435f1726b", "place_name": "West Park Gardens", "primary_category": "hotel", "formatted_address": "", "confidence": 0.97939908288275956, "original_geometry_wkt": "POINT (-78.0009126 38.4689924)" }, "geometry": { "type": "Point", "coordinates": [ -78.0009126, 38.4689924 ] } },
{ "type": "Feature", "properties": { "id": "08f29aeb21d08a1603ac63aee48e6871", "place_name": "Redbox", "primary_category": "rental_kiosks", "formatted_address": "", "confidence": 0.77, "original_geometry_wkt": "POINT (-119.0217861 35.3103942)" }, "geometry": { "type": "Point", "coordinates": [ -119.0217861, 35.3103942 ] } },
{ "type": "Feature", "properties": { "id": "08f2a136a515110e03ec86d4e1bb4c9a", "place_name": "Little Spice Pizzeria", "primary_category": "delicatessen", "formatted_address": "", "confidence": 0.91088026243849096, "original_geometry_wkt": "POINT (-74.9850525 39.6988544)" }, "geometry": { "type": "Point", "coordinates": [ -74.9850525, 39.6988544 ] } },
{ "type": "Feature", "properties": { "id": "08f2681a44a9013403b740109fa9a2dd", "place_name": "The Establishment at Bradburn Village", "primary_category": "event_planning", "formatted_address": "", "confidence": 0.99526178906303475, "original_geometry_wkt": "POINT (-105.0419075 39.9124767)" }, "geometry": { "type": "Point", "coordinates": [ -105.0419075, 39.9124767 ] } },
{ "type": "Feature", "properties": { "id": "08f269625495ab0e030407b32ff7df76", "place_name": "Millhaven Homes", "primary_category": "construction_services", "formatted_address": "", "confidence": 0.93596425912137005, "original_geometry_wkt": "POINT (-111.7214772 40.3426478)" }, "geometry": { "type": "Point", "coordinates": [ -111.7214772, 40.3426478 ] } },
{ "type": "Feature", "properties": { "id": "08f48d621139b8b30344b8490175a2ac", "place_name": "Michael's Pharmacy", "primary_category": "pharmacy", "formatted_address": "", "confidence": 0.92798690671031092, "original_geometry_wkt": "POINT (-103.1358992 32.727898)" }, "geometry": { "type": "Point", "coordinates": [ -103.1358992, 32.727898 ] } },
{ "type": "Feature", "properties": { "id": "08f44c0a32819ca303fba357b8406a3c", "place_name": "Redbox", "primary_category": "rental_kiosks", "formatted_address": "", "confidence": 0.77, "original_geometry_wkt": "POINT (-83.6160651 32.859072)" }, "geometry": { "type": "Point", "coordinates": [ -83.6160651, 32.859072 ] } },
{ "type": "Feature", "properties": { "id": "08f2a846b140ca8303450c840790edaf", "place_name": "Corson Custom Graphics", "primary_category": "sign_making", "formatted_address": "", "confidence": 0.93596425912137005, "original_geometry_wkt": "POINT (-80.2310155 40.2941617)" }, "geometry": { "type": "Point", "coordinates": [ -80.2310155, 40.2941617 ] } },
{ "type": "Feature", "properties": { "id": "08f48ab2e46c459203226d25fb72d0ec", "place_name": "Deep Rock Dystopia", "primary_category": "hotel", "formatted_address": "", "confidence": 0.865, "original_geometry_wkt": "POINT (-103.5738677 29.3265989)" }, "geometry": { "type": "Point", "coordinates": [ -103.5738677, 29.3265989 ] } },
{ "type": "Feature", "properties": { "id": "08f44e00d874e6cd0333011f2102e015", "place_name": "East Bank Campground", "primary_category": "campground", "formatted_address": "", "confidence": 0.97939908288275956, "original_geometry_wkt": "POINT (-84.8517976 30.7190016)" }, "geometry": { "type": "Point", "coordinates": [ -84.8517976, 30.7190016 ] } },
{ "type": "Feature", "properties": { "id": "08f29a56582ae483037a234caabd998c", "place_name": "El Tarasco Mexican Food", "primary_category": "mexican_restaurant", "formatted_address": "", "confidence": 0.99526178906303475, "original_geometry_wkt": "POINT (-118.4158563 33.9182406)" }, "geometry": { "type": "Point", "coordinates": [ -118.4158563, 33.9182406 ] } },
{ "type": "Feature", "properties": { "id": "08f48eec5170b6ea03d53f6499e7b592", "place_name": "Sieling's Mobile Village", "primary_category": "accommodation", "formatted_address": "", "confidence": 0.48475791990436345, "original_geometry_wkt": "POINT (-109.9181078 31.4050322)" }, "geometry": { "type": "Point", "coordinates": [ -109.9181078, 31.4050322 ] } },
{ "type": "Feature", "properties": { "id": "08f44c229dd00bae03e50b9f529513cb", "place_name": "Blue Rhino Propane Exchange", "primary_category": "propane_supplier", "formatted_address": "", "confidence": 0.77, "original_geometry_wkt": "POINT (-82.089836 33.549945)" }, "geometry": { "type": "Point", "coordinates": [ -82.089836, 33.549945 ] } },
{ "type": "Feature", "properties": { "id": "08f44a90ec41e20e03ccbb738c4e154f", "place_name": "My Urban Lodge", "primary_category": "furniture_store", "formatted_address": "", "confidence": 0.98343698854337147, "original_geometry_wkt": "POINT (-81.3558519 28.5957703)" }, "geometry": { "type": "Point", "coordinates": [ -81.3558519, 28.5957703 ] } },
{ "type": "Feature", "properties": { "id": "08f298cb02d756e003246b5863f62d32", "place_name": "Lake George Camp Ground, Mammoth Lakes, California", "primary_category": "campground", "formatted_address": "", "confidence": 0.48475791990436345, "original_geometry_wkt": "POINT (-119.0096356 37.6025368)" }, "geometry": { "type": "Point", "coordinates": [ -119.0096356, 37.6025368 ] } },
{ "type": "Feature", "properties": { "id": "08f262cd5382999a03ba3cdd16e0ad01", "place_name": "Americas Best Value Inn Burnsville Minneapolis", "primary_category": "resort", "formatted_address": "", "confidence": 0.77, "original_geometry_wkt": "POINT (-93.2917327880859 44.7692070007324)" }, "geometry": { "type": "Point", "coordinates": [ -93.291732788085895, 44.769207000732401 ] } },
{ "type": "Feature", "properties": { "id": "08f2a100d801871d030e74845c013b2f", "place_name": "Buildeem", "primary_category": "construction_services", "formatted_address": "", "confidence": 0.80493273542600896, "original_geometry_wkt": "POINT (-73.9418784 40.6868555)" }, "geometry": { "type": "Point", "coordinates": [ -73.9418784, 40.6868555 ] } },
{ "type": "Feature", "properties": { "id": "08f44c845ea2326803f348e9e90cea93", "place_name": "Composites One LLC", "primary_category": "professional_services", "formatted_address": "", "confidence": 0.97564890710382512, "original_geometry_wkt": "POINT (-84.290183 35.5750245)" }, "geometry": { "type": "Point", "coordinates": [ -84.290183, 35.5750245 ] } },
{ "type": "Feature", "properties": { "id": "08f2719c9cb63b9e03f3042c44b0f1c9", "place_name": "Dakota Supply Group", "primary_category": "wholesale_store", "formatted_address": "", "confidence": 0.93596425912137005, "original_geometry_wkt": "POINT (-97.0988549 47.9152641)" }, "geometry": { "type": "Point", "coordinates": [ -97.0988549, 47.9152641 ] } },
{ "type": "Feature", "properties": { "id": "08f275ccb24e15920328d4706f3df5f5", "place_name": "Neale Hall", "primary_category": "accommodation", "formatted_address": "", "confidence": 0.93596425912137005, "original_geometry_wkt": "POINT (-89.5721227 44.530571)" }, "geometry": { "type": "Point", "coordinates": [ -89.5721227, 44.530571 ] } },
{ "type": "Feature", "properties": { "id": "08f29a180b423609030ab4a518c65443", "place_name": "Calabasas Printing", "primary_category": "printing_services", "formatted_address": "", "confidence": 0.93596425912137005, "original_geometry_wkt": "POINT (-118.6489146 34.158)" }, "geometry": { "type": "Point", "coordinates": [ -118.6489146, 34.158 ] } },
{ "type": "Feature", "properties": { "id": "08f2a100d21134c103ffdfce45695dc5", "place_name": "InStep Consulting LLC", "primary_category": "professional_services", "formatted_address": "", "confidence": 0.87705559906029762, "original_geometry_wkt": "POINT (-73.9875433 40.7445736)" }, "geometry": { "type": "Point", "coordinates": [ -73.9875433, 40.7445736 ] } },
{ "type": "Feature", "properties": { "id": "08f268cd8da1d32b03487acb42549b5e", "place_name": "CCS Facility Services Corporate Headquarters", "primary_category": "janitorial_services", "formatted_address": "", "confidence": 0.77, "original_geometry_wkt": "POINT (-104.9815808 39.6953761)" }, "geometry": { "type": "Point", "coordinates": [ -104.9815808, 39.6953761 ] } },
{ "type": "Feature", "properties": { "id": "08f4413c35cd64d003203cca8a0e1d20", "place_name": "Redbox", "primary_category": "rental_kiosks", "formatted_address": "", "confidence": 0.77, "original_geometry_wkt": "POINT (-81.7241714 25.952244)" }, "geometry": { "type": "Point", "coordinates": [ -81.7241714, 25.952244 ] } },
{ "type": "Feature", "properties": { "id": "08f298cb027067130313e977457ee274", "place_name": "Twin Lakes Campground", "primary_category": "campground", "formatted_address": "", "confidence": 0.97939908288275956, "original_geometry_wkt": "POINT (-119.0099621 37.616277)" }, "geometry": { "type": "Point", "coordinates": [ -119.0099621, 37.616277 ] } },
{ "type": "Feature", "properties": { "id": "08f2aac3a846d1ad03bdd573c3a2078d", "place_name": "Elkton Injury Resource", "primary_category": "lawyer", "formatted_address": "", "confidence": 0.20623145400593468, "original_geometry_wkt": "POINT (-75.82391 39.6102)" }, "geometry": { "type": "Point", "coordinates": [ -75.82391, 39.6102 ] } },
{ "type": "Feature", "properties": { "id": "08f29a18d67ad770039dad16a0f8eb0d", "place_name": "CENTERcoffee", "primary_category": "coffee_shop", "formatted_address": "", "confidence": 0.865, "original_geometry_wkt": "POINT (-118.5106625 34.2610151)" }, "geometry": { "type": "Point", "coordinates": [ -118.5106625, 34.2610151 ] } },
{ "type": "Feature", "properties": { "id": "08f44f69027a986303c2790124a948e8", "place_name": "Lankford Monuments", "primary_category": "funeral_services_and_cemeteries", "formatted_address": "", "confidence": 0.77, "original_geometry_wkt": "POINT (-81.300393 29.027801)" }, "geometry": { "type": "Point", "coordinates": [ -81.300393, 29.027801 ] } },
{ "type": "Feature", "properties": { "id": "08f26653a97ab63003e359ea728ee94e", "place_name": "Minute Clinic", "primary_category": "shopping", "formatted_address": "", "confidence": 0.48475791990436345, "original_geometry_wkt": "POINT (-86.16464 40.48788)" }, "geometry": { "type": "Point", "coordinates": [ -86.16464, 40.48788 ] } },
{ "type": "Feature", "properties": { "id": "08f2681a3191b11203efb65a10ef1d15", "place_name": "Phoenix Asylum", "primary_category": "event_planning", "formatted_address": "", "confidence": 0.93596425912137005, "original_geometry_wkt": "POINT (-105.2432938 40.0260266)" }, "geometry": { "type": "Point", "coordinates": [ -105.2432938, 40.0260266 ] } },
{ "type": "Feature", "properties": { "id": "08f276acc1c1b5810308764740dc52db", "place_name": "Wittock Kitchen and Bath", "primary_category": "kitchen_supply_store", "formatted_address": "", "confidence": 0.77, "original_geometry_wkt": "POINT (-84.68138 45.01527)" }, "geometry": { "type": "Point", "coordinates": [ -84.68138, 45.01527 ] } },
{ "type": "Feature", "properties": { "id": "08f260e273a6d3a20395d2a61c206f77", "place_name": "Malibu Custom Framing", "primary_category": "arts_and_crafts", "formatted_address": "", "confidence": 0.93596425912137005, "original_geometry_wkt": "POINT (-96.0358357 41.2614948)" }, "geometry": { "type": "Point", "coordinates": [ -96.0358357, 41.2614948 ] } },
{ "type": "Feature", "properties": { "id": "08f27905b12ab253036f3d6a207b1758", "place_name": "Volk Photography", "primary_category": "professional_services", "formatted_address": "", "confidence": 0.80493273542600896, "original_geometry_wkt": "POINT (-111.3075375 47.53213)" }, "geometry": { "type": "Point", "coordinates": [ -111.3075375, 47.53213 ] } },
{ "type": "Feature", "properties": { "id": "08f2601b921984550352a75d1877bed7", "place_name": "Triangle", "primary_category": "bar", "formatted_address": "", "confidence": 0.89412568306010931, "original_geometry_wkt": "POINT (-95.9734255 42.8155897)" }, "geometry": { "type": "Point", "coordinates": [ -95.9734255, 42.8155897 ] } },
{ "type": "Feature", "properties": { "id": "08f2a106b3bb015103fa4937f80d505f", "place_name": "Bill's Luncheonette", "primary_category": "breakfast_and_brunch_restaurant", "formatted_address": "", "confidence": 0.97939908288275956, "original_geometry_wkt": "POINT (-74.4228149 40.619528)" }, "geometry": { "type": "Point", "coordinates": [ -74.4228149, 40.619528 ] } },
{ "type": "Feature", "properties": { "id": "08f29a1d758809b103eb77767b098582", "place_name": "Good Guys Fabric", "primary_category": "fabric_store", "formatted_address": "", "confidence": 0.77, "original_geometry_wkt": "POINT (-118.24419468641281 34.03705805540085)" }, "geometry": { "type": "Point", "coordinates": [ -118.244194686412811, 34.037058055400848 ] } },
{ "type": "Feature", "properties": { "id": "08f26051238ec6260310bc3590e56ac5", "place_name": "Lolkus Outdoors", "primary_category": "hunting_and_fishing_supplies", "formatted_address": "", "confidence": 0.86455331412103742, "original_geometry_wkt": "POINT (-95.9483102 43.9351795)" }, "geometry": { "type": "Point", "coordinates": [ -95.9483102, 43.9351795 ] } },
{ "type": "Feature", "properties": { "id": "08f283035a5517a803d519edc5e95aee", "place_name": "McDonald's", "primary_category": "burger_restaurant", "formatted_address": "", "confidence": 0.77, "original_geometry_wkt": "POINT (-122.673471 38.457976)" }, "geometry": { "type": "Point", "coordinates": [ -122.673471, 38.457976 ] } },
{ "type": "Feature", "properties": { "id": "08f28d558c2cb2ea0339dc9eea8f2d5d", "place_name": "Woodside East Apartments", "primary_category": "accommodation", "formatted_address": "", "confidence": 0.99526178906303475, "original_geometry_wkt": "POINT (-122.1226314 47.6228798)" }, "geometry": { "type": "Point", "coordinates": [ -122.1226314, 47.6228798 ] } },
{ "type": "Feature", "properties": { "id": "08f26ee2d116392903638f3a4cf33ab4", "place_name": "Taco Mayo", "primary_category": "fast_food_restaurant", "formatted_address": "", "confidence": 0.99526178906303475, "original_geometry_wkt": "POINT (-95.9667418 36.154934)" }, "geometry": { "type": "Point", "coordinates": [ -95.9667418, 36.154934 ] } },
{ "type": "Feature", "properties": { "id": "08f44a9971995b8d033809c3eb479d1b", "place_name": "Conroy Security LLC", "primary_category": "professional_services", "formatted_address": "", "confidence": 0.865, "original_geometry_wkt": "POINT (-81.7241838 28.0440949)" }, "geometry": { "type": "Point", "coordinates": [ -81.7241838, 28.0440949 ] } },
{ "type": "Feature", "properties": { "id": "08f29a54cdadb88e03e0d2955507738b", "place_name": "Stay wavy", "primary_category": "accommodation", "formatted_address": "", "confidence": 0.28032345013477089, "original_geometry_wkt": "POINT (-118.0052 33.65993)" }, "geometry": { "type": "Point", "coordinates": [ -118.0052, 33.65993 ] } },
{ "type": "Feature", "properties": { "id": "08f266d3704eab560309b6ff63d0c46f", "place_name": "Kroger", "primary_category": "supermarket", "formatted_address": "", "confidence": 0.99526178906303475, "original_geometry_wkt": "POINT (-84.5360783 37.9547512)" }, "geometry": { "type": "Point", "coordinates": [ -84.5360783, 37.9547512 ] } },
{ "type": "Feature", "properties": { "id": "08f262cb60b7206003eadb89bdc0b79f", "place_name": "Redbox", "primary_category": "rental_kiosks", "formatted_address": "", "confidence": 0.77, "original_geometry_wkt": "POINT (-92.275165 44.443181)" }, "geometry": { "type": "Point", "coordinates": [ -92.275165, 44.443181 ] } },
{ "type": "Feature", "properties": { "id": "08f26c844a18ea23039e673a96dcb2be", "place_name": "Journeys", "primary_category": "shoe_store", "formatted_address": "", "confidence": 0.77, "original_geometry_wkt": "POINT (-97.1087374 33.1907221)" }, "geometry": { "type": "Point", "coordinates": [ -97.1087374, 33.1907221 ] } },
{ "type": "Feature", "properties": { "id": "08f44ae8ecc906430352b65d9d0f69ec", "place_name": "Zeidel & Co", "primary_category": "clothing_store", "formatted_address": "", "confidence": 0.98527177959791512, "original_geometry_wkt": "POINT (-80.0534792 26.721967)" }, "geometry": { "type": "Point", "coordinates": [ -80.0534792, 26.721967 ] } },
{ "type": "Feature", "properties": { "id": "08f268c79236aa5203f03e01857e66a1", "place_name": "Forest Films LLC", "primary_category": "video_film_production", "formatted_address": "", "confidence": 0.77, "original_geometry_wkt": "POINT (-105.0565071 38.995187)" }, "geometry": { "type": "Point", "coordinates": [ -105.0565071, 38.995187 ] } },
{ "type": "Feature", "properties": { "id": "08f48eba5020da4003eefec7e4844ad1", "place_name": "T-Mobile", "primary_category": "mobile_phone_store", "formatted_address": "", "confidence": 0.99526178906303475, "original_geometry_wkt": "POINT (-111.8674586 33.4339035)" }, "geometry": { "type": "Point", "coordinates": [ -111.8674586, 33.4339035 ] } },
{ "type": "Feature", "properties": { "id": "08f29a07a2d9484103364ddda43ca7da", "place_name": "Chateau de Swan", "primary_category": "hotel", "formatted_address": "", "confidence": 0.865, "original_geometry_wkt": "POINT (-116.8951768 34.2481081)" }, "geometry": { "type": "Point", "coordinates": [ -116.8951768, 34.2481081 ] } },
{ "type": "Feature", "properties": { "id": "08f44422e64860d403029d18e7beaf64", "place_name": "Wendy's", "primary_category": "burger_restaurant", "formatted_address": "", "confidence": 0.77, "original_geometry_wkt": "POINT (-90.46578168869019 31.57852400129259)" }, "geometry": { "type": "Point", "coordinates": [ -90.465781688690186, 31.578524001292589 ] } },
{ "type": "Feature", "properties": { "id": "08f2aae2c92e835c030d3d36c3cd22fd", "place_name": "Bobbie's Daycare Learning Center", "primary_category": "day_care_preschool", "formatted_address": "", "confidence": 0.97939908288275956, "original_geometry_wkt": "POINT (-77.2545004 39.2181474)" }, "geometry": { "type": "Point", "coordinates": [ -77.2545004, 39.2181474 ] } },
{ "type": "Feature", "properties": { "id": "08f2ad346409bc64034bbc482c561a1f", "place_name": "Little Caesars Pizza", "primary_category": "pizza_restaurant", "formatted_address": "", "confidence": 0.99526178906303475, "original_geometry_wkt": "POINT (-78.9476656 33.7321972)" }, "geometry": { "type": "Point", "coordinates": [ -78.9476656, 33.7321972 ] } },
{ "type": "Feature", "properties": { "id": "08f29a0a58c1eb10034f20025a4378d5", "place_name": "PLPC", "primary_category": "software_development", "formatted_address": "", "confidence": 0.58602150537634412, "original_geometry_wkt": "POINT (-117.895942 34.003007)" }, "geometry": { "type": "Point", "coordinates": [ -117.895942, 34.003007 ] } },
{ "type": "Feature", "properties": { "id": "08f2a158e0d1e3630317e57d8183a2a7", "place_name": "Bloodline Sportfishing", "primary_category": "hunting_and_fishing_supplies", "formatted_address": "", "confidence": 0.93596425912137005, "original_geometry_wkt": "POINT (-71.9381372 41.0668083)" }, "geometry": { "type": "Point", "coordinates": [ -71.9381372, 41.0668083 ] } },
{ "type": "Feature", "properties": { "id": "08f2748cd394444403c4a5883e348604", "place_name": "Trinity Health Lab - Walker", "primary_category": "laboratory", "formatted_address": "", "confidence": 0.77, "original_geometry_wkt": "POINT (-85.7778123 42.9853099)" }, "geometry": { "type": "Point", "coordinates": [ -85.7778123, 42.9853099 ] } },
{ "type": "Feature", "properties": { "id": "08f262eb19cea0b1036fe8dc1323076f", "place_name": "Insomnia Cookies", "primary_category": "bakery", "formatted_address": "", "confidence": 0.99526178906303475, "original_geometry_wkt": "POINT (-93.9935291 44.1459759)" }, "geometry": { "type": "Point", "coordinates": [ -93.9935291, 44.1459759 ] } },
{ "type": "Feature", "properties": { "id": "08f2aae82918c19b03298e6461f00482", "place_name": "D.M. Fetrow Inc", "primary_category": "environmental_testing", "formatted_address": "", "confidence": 0.77, "original_geometry_wkt": "POINT (-76.8752874 40.0570941)" }, "geometry": { "type": "Point", "coordinates": [ -76.8752874, 40.0570941 ] } },
{ "type": "Feature", "properties": { "id": "08f2ad344d098096034fe7f1a2af28a8", "place_name": "Kiefer Beach Homes", "primary_category": "holiday_rental_home", "formatted_address": "", "confidence": 0.92339261285909713, "original_geometry_wkt": "POINT (-78.9592854 33.6312199)" }, "geometry": { "type": "Point", "coordinates": [ -78.9592854, 33.6312199 ] } },
{ "type": "Feature", "properties": { "id": "08f289607080136e03c6ab4f3b743d94", "place_name": "Old Faithful Lodge Cafeteria", "primary_category": "resort", "formatted_address": "", "confidence": 0.77, "original_geometry_wkt": "POINT (-110.825172153689 44.459193243237536)" }, "geometry": { "type": "Point", "coordinates": [ -110.825172153688996, 44.459193243237536 ] } },
{ "type": "Feature", "properties": { "id": "08f268cccb54c54d0377d52348621419", "place_name": "SKECHERS Factory Outlet", "primary_category": "shoe_store", "formatted_address": "", "confidence": 0.97939908288275956, "original_geometry_wkt": "POINT (-104.8748037 39.4162089)" }, "geometry": { "type": "Point", "coordinates": [ -104.8748037, 39.4162089 ] } },
{ "type": "Feature", "properties": { "id": "08f489c03369686d039bc697982bc8d3", "place_name": "Brass", "primary_category": "event_planning", "formatted_address": "", "confidence": 0.87705559906029762, "original_geometry_wkt": "POINT (-98.4872806 29.5213009)" }, "geometry": { "type": "Point", "coordinates": [ -98.4872806, 29.5213009 ] } },
{ "type": "Feature", "properties": { "id": "08f44a905639a0ad0340a3d4b9df9184", "place_name": "Law Office of Erin Morse", "primary_category": "divorce_and_family_law", "formatted_address": "", "confidence": 0.99538760850044894, "original_geometry_wkt": "POINT (-81.37757 28.5593675)" }, "geometry": { "type": "Point", "coordinates": [ -81.37757, 28.5593675 ] } },
{ "type": "Feature", "properties": { "id": "08f48e854563625603ca7625b331449e", "place_name": "University Inn", "primary_category": "hotel", "formatted_address": "", "confidence": 0.97939908288275956, "original_geometry_wkt": "POINT (-110.9715111 32.2339139)" }, "geometry": { "type": "Point", "coordinates": [ -110.9715111, 32.2339139 ] } },
{ "type": "Feature", "properties": { "id": "08f29ab9ab06a58003908fcd74f70bea", "place_name": "Ipsos", "primary_category": "advertising_agency", "formatted_address": "", "confidence": 0.31844029244516658, "original_geometry_wkt": "POINT (-119.788419 36.781466)" }, "geometry": { "type": "Point", "coordinates": [ -119.788419, 36.781466 ] } },
{ "type": "Feature", "properties": { "id": "08f27594c19a8ac903e585f684e3e4e9", "place_name": "Baseball Tap", "primary_category": "pub", "formatted_address": "", "confidence": 0.97939908288275956, "original_geometry_wkt": "POINT (-88.9531606 42.2361997)" }, "geometry": { "type": "Point", "coordinates": [ -88.9531606, 42.2361997 ] } },
{ "type": "Feature", "properties": { "id": "08f441a092b35a9e0379350d60cd0531", "place_name": "Piccola Italia Restaurant", "primary_category": "italian_restaurant", "formatted_address": "", "confidence": 0.97939908288275956, "original_geometry_wkt": "POINT (-82.1964428 28.229761)" }, "geometry": { "type": "Point", "coordinates": [ -82.1964428, 28.229761 ] } },
{ "type": "Feature", "properties": { "id": "08f26ed81859545a031d83f5c4ff358b", "place_name": "Muscle Rock Inn", "primary_category": "hotel", "formatted_address": "", "confidence": 0.97939908288275956, "original_geometry_wkt": "POINT (-93.6159461 36.6213079)" }, "geometry": { "type": "Point", "coordinates": [ -93.6159461, 36.6213079 ] } },
{ "type": "Feature", "properties": { "id": "08f275261a22e180039fd049890f5179", "place_name": "Radisson Hotel Minneapolis/St. Paul North", "primary_category": "hotel", "formatted_address": "", "confidence": 0.36111111111111116, "original_geometry_wkt": "POINT (-93.185606 45.017508)" }, "geometry": { "type": "Point", "coordinates": [ -93.185606, 45.017508 ] } },
{ "type": "Feature", "properties": { "id": "08f283409a36385d0319be9f4c7c7e08", "place_name": "The UPS Store 1330", "primary_category": "printing_services", "formatted_address": "", "confidence": 0.99526178906303475, "original_geometry_wkt": "POINT (-121.9340496 37.2622483)" }, "geometry": { "type": "Point", "coordinates": [ -121.9340496, 37.2622483 ] } },
{ "type": "Feature", "properties": { "id": "08f274c3013248c503234572f4fbd719", "place_name": "Crystal's Gardens Nursery", "primary_category": "retail", "formatted_address": "", "confidence": 0.77, "original_geometry_wkt": "POINT (-84.594782 43.509808)" }, "geometry": { "type": "Point", "coordinates": [ -84.594782, 43.509808 ] } },
{ "type": "Feature", "properties": { "id": "08f2a100b2b8b3460342856dfec49792", "place_name": "The Concept Studio", "primary_category": "professional_services", "formatted_address": "", "confidence": 0.92339261285909713, "original_geometry_wkt": "POINT (-74.0303779 40.9058297)" }, "geometry": { "type": "Point", "coordinates": [ -74.0303779, 40.9058297 ] } },
{ "type": "Feature", "properties": { "id": "08f2a134e1506b1603a98b37b14e4364", "place_name": "Warby Parker", "primary_category": "eyewear_and_optician", "formatted_address": "", "confidence": 0.99526178906303475, "original_geometry_wkt": "POINT (-75.0259048 39.9409151)" }, "geometry": { "type": "Point", "coordinates": [ -75.0259048, 39.9409151 ] } },
{ "type": "Feature", "properties": { "id": "08f2aa18a801edaa033f1cd43e866355", "place_name": "CDC Software", "primary_category": "software_development", "formatted_address": "", "confidence": 0.86455331412103742, "original_geometry_wkt": "POINT (-76.4578766 41.0014167)" }, "geometry": { "type": "Point", "coordinates": [ -76.4578766, 41.0014167 ] } },
{ "type": "Feature", "properties": { "id": "08f298614d9728cd037aff5c9ccd2a44", "place_name": "H2O Environmental", "primary_category": "garbage_collection_service", "formatted_address": "", "confidence": 0.93596425912137005, "original_geometry_wkt": "POINT (-115.0775316 36.2201815)" }, "geometry": { "type": "Point", "coordinates": [ -115.0775316, 36.2201815 ] } },
{ "type": "Feature", "properties": { "id": "08f264d125a25c5603bf1123a0b81781", "place_name": "Chuys Opry Mills Nashville", "primary_category": "restaurant", "formatted_address": "", "confidence": 0.58602150537634412, "original_geometry_wkt": "POINT (-86.6917835 36.2041242)" }, "geometry": { "type": "Point", "coordinates": [ -86.6917835, 36.2041242 ] } },
{ "type": "Feature", "properties": { "id": "08f489c11a18e9a503b6c1208ae24280", "place_name": "La Regia Tortilla Factory", "primary_category": "wholesale_store", "formatted_address": "", "confidence": 0.92798690671031092, "original_geometry_wkt": "POINT (-98.5047264 29.4405149)" }, "geometry": { "type": "Point", "coordinates": [ -98.5047264, 29.4405149 ] } },
{ "type": "Feature", "properties": { "id": "08f2a1004b403bb103a759f641ef5e06", "place_name": "Vivo Entertainment", "primary_category": "dj_service", "formatted_address": "", "confidence": 0.80493273542600896, "original_geometry_wkt": "POINT (-73.68119 40.65965)" }, "geometry": { "type": "Point", "coordinates": [ -73.68119, 40.65965 ] } },
{ "type": "Feature", "properties": { "id": "08f280685c61ec5903053700d71a6e43", "place_name": "UScellular", "primary_category": "mobile_phone_repair", "formatted_address": "", "confidence": 0.77, "original_geometry_wkt": "POINT (-123.806932 39.421097)" }, "geometry": { "type": "Point", "coordinates": [ -123.806932, 39.421097 ] } },
{ "type": "Feature", "properties": { "id": "08f446c35c774b8c0371b7129f98a492", "place_name": "Airi Ramen 1960", "primary_category": "japanese_restaurant", "formatted_address": "", "confidence": 0.99526178906303475, "original_geometry_wkt": "POINT (-95.4818986 29.9964235)" }, "geometry": { "type": "Point", "coordinates": [ -95.4818986, 29.9964235 ] } },
{ "type": "Feature", "properties": { "id": "08f4442332ad16ab036d52c18162031c", "place_name": "Goat Buildings McComb", "primary_category": "construction_services", "formatted_address": "", "confidence": 0.97939908288275956, "original_geometry_wkt": "POINT (-90.4825557 31.2891542)" }, "geometry": { "type": "Point", "coordinates": [ -90.4825557, 31.2891542 ] } },
{ "type": "Feature", "properties": { "id": "08f44a18c1889b2b0382fd2e33ef5e11", "place_name": "Coconut Grove Sails and Canvas", "primary_category": "professional_services", "formatted_address": "", "confidence": 0.92339261285909713, "original_geometry_wkt": "POINT (-80.3079012 25.72607)" }, "geometry": { "type": "Point", "coordinates": [ -80.3079012, 25.72607 ] } },
{ "type": "Feature", "properties": { "id": "08f2752793c8baf403dcacca8c6a89c4", "place_name": "Starbucks", "primary_category": "coffee_shop", "formatted_address": "", "confidence": 0.99526178906303475, "original_geometry_wkt": "POINT (-93.3885075 45.1729878)" }, "geometry": { "type": "Point", "coordinates": [ -93.3885075, 45.1729878 ] } },
{ "type": "Feature", "properties": { "id": "08f489c1a2aa53ae03fb24c82cd62859", "place_name": "Discount Carpet Warehouse", "primary_category": "carpet_store", "formatted_address": "", "confidence": 0.93596425912137005, "original_geometry_wkt": "POINT (-98.4047948 29.3919986)" }, "geometry": { "type": "Point", "coordinates": [ -98.4047948, 29.3919986 ] } },
{ "type": "Feature", "properties": { "id": "08f28f33a3db146c03a65b2b1a2540a4", "place_name": "Quality Rentals", "primary_category": "appliance_store", "formatted_address": "", "confidence": 0.77, "original_geometry_wkt": "POINT (-122.957555 46.700839)" }, "geometry": { "type": "Point", "coordinates": [ -122.957555, 46.700839 ] } },
{ "type": "Feature", "properties": { "id": "08f275931a56466503f71e0f71a17c67", "place_name": "Gino's East", "primary_category": "pizza_restaurant", "formatted_address": "", "confidence": 0.97172278778386845, "original_geometry_wkt": "POINT (-88.14231 42.0703881)" }, "geometry": { "type": "Point", "coordinates": [ -88.14231, 42.0703881 ] } },
{ "type": "Feature", "properties": { "id": "08f44131b120909a03882fc6d8cb540c", "place_name": "Law Office of J. Gary Shirk, PA", "primary_category": "divorce_and_family_law", "formatted_address": "", "confidence": 0.77, "original_geometry_wkt": "POINT (-81.79986 26.24487)" }, "geometry": { "type": "Point", "coordinates": [ -81.79986, 26.24487 ] } },
{ "type": "Feature", "properties": { "id": "08f44c2282cf0d93034d5bcf5d4f7592", "place_name": "J. Michael Spence, Attorney at Law", "primary_category": "lawyer", "formatted_address": "", "confidence": 0.91088026243849096, "original_geometry_wkt": "POINT (-82.0763114 33.5176335)" }, "geometry": { "type": "Point", "coordinates": [ -82.0763114, 33.5176335 ] } },
{ "type": "Feature", "properties": { "id": "08f28d542c826971033b48110cdedb63", "place_name": "Zundel Law Offices, PLLC", "primary_category": "divorce_and_family_law", "formatted_address": "", "confidence": 0.93596425912137005, "original_geometry_wkt": "POINT (-122.3353859 47.6057299)" }, "geometry": { "type": "Point", "coordinates": [ -122.3353859, 47.6057299 ] } },
{ "type": "Feature", "properties": { "id": "08f26aa5721346b403cc775d6e0c2fb1", "place_name": "Tolmar", "primary_category": "event_planning", "formatted_address": "", "confidence": 0.93596425912137005, "original_geometry_wkt": "POINT (-104.8824591 40.4654642)" }, "geometry": { "type": "Point", "coordinates": [ -104.8824591, 40.4654642 ] } },
{ "type": "Feature", "properties": { "id": "08f265a48a5a535803dba6567fffcd87", "place_name": "Sales Team - Dependable Building Sales", "primary_category": "construction_services", "formatted_address": "", "confidence": 0.51851851851851849, "original_geometry_wkt": "POINT (-93.459164 35.470957)" }, "geometry": { "type": "Point", "coordinates": [ -93.459164, 35.470957 ] } },
{ "type": "Feature", "properties": { "id": "08f44e50e584e983036dbff23cb8e7a1", "place_name": "Jonah Allen Art Gallery", "primary_category": "professional_services", "formatted_address": "", "confidence": 0.97994612391499547, "original_geometry_wkt": "POINT (-86.0991371 30.3121619)" }, "geometry": { "type": "Point", "coordinates": [ -86.0991371, 30.3121619 ] } },
{ "type": "Feature", "properties": { "id": "08f2a13144ad68a20337ac8051670cb1", "place_name": "Broadway Giant Bagels Mule Road", "primary_category": "bagel_shop", "formatted_address": "", "confidence": 0.93596425912137005, "original_geometry_wkt": "POINT (-74.24507 39.9568)" }, "geometry": { "type": "Point", "coordinates": [ -74.24507, 39.9568 ] } },
{ "type": "Feature", "properties": { "id": "08f2aaaa6e8311980333ee0e21cc884d", "place_name": "Subway", "primary_category": "sandwich_shop", "formatted_address": "", "confidence": 0.99526178906303475, "original_geometry_wkt": "POINT (-77.2617747 38.672542)" }, "geometry": { "type": "Point", "coordinates": [ -77.2617747, 38.672542 ] } },
{ "type": "Feature", "properties": { "id": "08f2a1006ec40db0038f55769d177f4b", "place_name": "Omega", "primary_category": "watch_store", "formatted_address": "", "confidence": 0.77, "original_geometry_wkt": "POINT (-73.6128032 40.7380655)" }, "geometry": { "type": "Point", "coordinates": [ -73.6128032, 40.7380655 ] } },
{ "type": "Feature", "properties": { "id": "08f264905da9410103cbaf4291cfede5", "place_name": "Domino's Pizza", "primary_category": "pizza_restaurant", "formatted_address": "", "confidence": 0.99526178906303475, "original_geometry_wkt": "POINT (-86.952032 34.8005118)" }, "geometry": { "type": "Point", "coordinates": [ -86.952032, 34.8005118 ] } },
{ "type": "Feature", "properties": { "id": "08f44130134903ae0304765081aff4ad", "place_name": "The Ritz-Carlton Residences", "primary_category": "accommodation", "formatted_address": "", "confidence": 0.93617021276595747, "original_geometry_wkt": "POINT (-81.8367405 26.3992911)" }, "geometry": { "type": "Point", "coordinates": [ -81.8367405, 26.3992911 ] } },
{ "type": "Feature", "properties": { "id": "08f264a692d2d64503cdd25e8f2d2d83", "place_name": "SLS Distribution LLC", "primary_category": "professional_services", "formatted_address": "", "confidence": 0.865, "original_geometry_wkt": "POINT (-89.7863052 35.0578935)" }, "geometry": { "type": "Point", "coordinates": [ -89.7863052, 35.0578935 ] } },
{ "type": "Feature", "properties": { "id": "08f2b1a2914899a0034c4a08a3ac470b", "place_name": "White House Lumber", "primary_category": "furniture_store", "formatted_address": "", "confidence": 0.58602150537634412, "original_geometry_wkt": "POINT (-69.364772 44.182011)" }, "geometry": { "type": "Point", "coordinates": [ -69.364772, 44.182011 ] } },
{ "type": "Feature", "properties": { "id": "08f44e42a57443850332b160c172bd16", "place_name": "Mystic Pearl", "primary_category": "holiday_rental_home", "formatted_address": "", "confidence": 0.86455331412103742, "original_geometry_wkt": "POINT (-85.3037043 29.8123333)" }, "geometry": { "type": "Point", "coordinates": [ -85.3037043, 29.8123333 ] } },
{ "type": "Feature", "properties": { "id": "08f489e35ec0eb5c03e472d9a050ff61", "place_name": "EZPAWN", "primary_category": "pawn_shop", "formatted_address": "", "confidence": 0.99526178906303475, "original_geometry_wkt": "POINT (-97.7082552 30.3103483)" }, "geometry": { "type": "Point", "coordinates": [ -97.7082552, 30.3103483 ] } },
{ "type": "Feature", "properties": { "id": "08f2ad2968d54c6203888cf63a084922", "place_name": "Smithfield Packing", "primary_category": "professional_services", "formatted_address": "", "confidence": 0.58602150537634412, "original_geometry_wkt": "POINT (-78.806011 34.7482653)" }, "geometry": { "type": "Point", "coordinates": [ -78.806011, 34.7482653 ] } },
{ "type": "Feature", "properties": { "id": "08f2a94d0609b76b033c3fa52be5f414", "place_name": "Jake's Saloon & Sports Pub", "primary_category": "sports_bar", "formatted_address": "", "confidence": 0.99526178906303475, "original_geometry_wkt": "POINT (-83.6035829 41.6530229)" }, "geometry": { "type": "Point", "coordinates": [ -83.6035829, 41.6530229 ] } },
{ "type": "Feature", "properties": { "id": "08f29a02c69b2cd003e81b6f094ff7a7", "place_name": "Mexico Lindo & Seafood Restaurant", "primary_category": "mexican_restaurant", "formatted_address": "", "confidence": 0.97939908288275956, "original_geometry_wkt": "POINT (-117.5668603 34.4256984)" }, "geometry": { "type": "Point", "coordinates": [ -117.5668603, 34.4256984 ] } },
{ "type": "Feature", "properties": { "id": "08f264a84105b663035b3fedc120a1e5", "place_name": "Sands Florist", "primary_category": "flowers_and_gifts_shop", "formatted_address": "", "confidence": 0.99526178906303475, "original_geometry_wkt": "POINT (-88.8498833 35.6570323)" }, "geometry": { "type": "Point", "coordinates": [ -88.8498833, 35.6570323 ] } },
{ "type": "Feature", "properties": { "id": "08f44f055bd06889038fa1dd2bc20326", "place_name": "Hyatt Place Jacksonville / St. Johns Town Center", "primary_category": "resort", "formatted_address": "", "confidence": 0.77, "original_geometry_wkt": "POINT (-81.529048 30.256515)" }, "geometry": { "type": "Point", "coordinates": [ -81.529048, 30.256515 ] } },
{ "type": "Feature", "properties": { "id": "08f2664c1a80e2b40366270ecb487848", "place_name": "Expansive", "primary_category": "professional_services", "formatted_address": "", "confidence": 0.99526178906303475, "original_geometry_wkt": "POINT (-87.6281024 41.8806295)" }, "geometry": { "type": "Point", "coordinates": [ -87.6281024, 41.8806295 ] } },
{ "type": "Feature", "properties": { "id": "08f44d92f111002b0375aaf772ecf120", "place_name": "Leo's Pest Control", "primary_category": "pest_control_service", "formatted_address": "", "confidence": 0.865, "original_geometry_wkt": "POINT (-82.37159 36.3549)" }, "geometry": { "type": "Point", "coordinates": [ -82.37159, 36.3549 ] } },
{ "type": "Feature", "properties": { "id": "08f266d4ac8d8a63033f8e1290f01f5b", "place_name": "AT&T Authorized Retailer - Forest Springs", "primary_category": "mobile_phone_store", "formatted_address": "", "confidence": 0.77, "original_geometry_wkt": "POINT (-85.51061769036785 38.28890180632997)" }, "geometry": { "type": "Point", "coordinates": [ -85.510617690367852, 38.288901806329967 ] } },
{ "type": "Feature", "properties": { "id": "08f2a9372849268a03133a48f2461dbb", "place_name": "AT&T Kiosk", "primary_category": "mobile_phone_accessories", "formatted_address": "", "confidence": 0.77, "original_geometry_wkt": "POINT (-84.6337846 39.0202602)" }, "geometry": { "type": "Point", "coordinates": [ -84.6337846, 39.0202602 ] } },
{ "type": "Feature", "properties": { "id": "08f2aa591cc656080320b78731b38c9d", "place_name": "Forest Lake Campground", "primary_category": "campground", "formatted_address": "", "confidence": 0.97939908288275956, "original_geometry_wkt": "POINT (-75.5987327 42.0942589)" }, "geometry": { "type": "Point", "coordinates": [ -75.5987327, 42.0942589 ] } },
{ "type": "Feature", "properties": { "id": "08f2a992cc158b310326e9972f47c7a4", "place_name": "Blue Bear Mountain", "primary_category": "campground", "formatted_address": "", "confidence": 0.97939908288275956, "original_geometry_wkt": "POINT (-81.65613 36.3037624)" }, "geometry": { "type": "Point", "coordinates": [ -81.65613, 36.3037624 ] } },
{ "type": "Feature", "properties": { "id": "08f4898ca02e882e0396569af5a9960f", "place_name": "Great Rate DJs Austin", "primary_category": "dj_service", "formatted_address": "", "confidence": 0.77, "original_geometry_wkt": "POINT (-97.955696 30.334784)" }, "geometry": { "type": "Point", "coordinates": [ -97.955696, 30.334784 ] } },
{ "type": "Feature", "properties": { "id": "08f44cd112499894031885d6e977f8b3", "place_name": "Gourdneck Cove", "primary_category": "hotel", "formatted_address": "", "confidence": 0.89412568306010931, "original_geometry_wkt": "POINT (-85.8069102 35.0750826)" }, "geometry": { "type": "Point", "coordinates": [ -85.8069102, 35.0750826 ] } },
{ "type": "Feature", "properties": { "id": "08f44c03b3c4b74803fa95331a31b13b", "place_name": "El Tequila", "primary_category": "mexican_restaurant", "formatted_address": "", "confidence": 0.99526178906303475, "original_geometry_wkt": "POINT (-83.25731 33.0965509)" }, "geometry": { "type": "Point", "coordinates": [ -83.25731, 33.0965509 ] } },
{ "type": "Feature", "properties": { "id": "08f441a972188d1803bf05b8e3d9a105", "place_name": "Lorelei Resort", "primary_category": "resort", "formatted_address": "", "confidence": 0.77, "original_geometry_wkt": "POINT (-82.7667395 27.76448567)" }, "geometry": { "type": "Point", "coordinates": [ -82.7667395, 27.76448567 ] } },
{ "type": "Feature", "properties": { "id": "08f2a307469246a80307a3da7e68ff62", "place_name": "Bob's Discount Furniture", "primary_category": "furniture_store", "formatted_address": "", "confidence": 0.97939908288275956, "original_geometry_wkt": "POINT (-71.018024 42.4912917)" }, "geometry": { "type": "Point", "coordinates": [ -71.018024, 42.4912917 ] } },
{ "type": "Feature", "properties": { "id": "08f264d00e58ec9c03066bf2205627f2", "place_name": "Beal, Nations & Crutcher", "primary_category": "divorce_and_family_law", "formatted_address": "", "confidence": 0.97939908288275956, "original_geometry_wkt": "POINT (-86.8028157 35.967057)" }, "geometry": { "type": "Point", "coordinates": [ -86.8028157, 35.967057 ] } },
{ "type": "Feature", "properties": { "id": "08f44c8645a0da92031ef0c62c8c52cc", "place_name": "Los Primos", "primary_category": "texmex_restaurant", "formatted_address": "", "confidence": 0.97939908288275956, "original_geometry_wkt": "POINT (-84.5845913 35.9116312)" }, "geometry": { "type": "Point", "coordinates": [ -84.5845913, 35.9116312 ] } },
{ "type": "Feature", "properties": { "id": "08f28341a635159c036d95a5cf695a4c", "place_name": "Verutti Liquor", "primary_category": "liquor_store", "formatted_address": "", "confidence": 0.97939908288275956, "original_geometry_wkt": "POINT (-121.9650591 36.9686786)" }, "geometry": { "type": "Point", "coordinates": [ -121.9650591, 36.9686786 ] } },
{ "type": "Feature", "properties": { "id": "08f265b02db0c93203bffca9a27c2ec0", "place_name": "Big K's Catfish Barn", "primary_category": "restaurant", "formatted_address": "", "confidence": 0.97939908288275956, "original_geometry_wkt": "POINT (-91.6386699 34.8237898)" }, "geometry": { "type": "Point", "coordinates": [ -91.6386699, 34.8237898 ] } },
{ "type": "Feature", "properties": { "id": "08f44d075a9a3658036bc19f809d154f", "place_name": "CVS Pharmacy", "primary_category": "pharmacy", "formatted_address": "", "confidence": 0.99526178906303475, "original_geometry_wkt": "POINT (-79.9930258 32.8822184)" }, "geometry": { "type": "Point", "coordinates": [ -79.9930258, 32.8822184 ] } },
{ "type": "Feature", "properties": { "id": "08f44ad8c68507a8037735bc77ec3f05", "place_name": "Toby’s Rv resort", "primary_category": "campground", "formatted_address": "", "confidence": 0.97939908288275956, "original_geometry_wkt": "POINT (-81.8151133 27.2162835)" }, "geometry": { "type": "Point", "coordinates": [ -81.8151133, 27.2162835 ] } },
{ "type": "Feature", "properties": { "id": "08f44c57614e066b034936fd6fbb52b4", "place_name": "Caldwell And Irvin", "primary_category": "lawyer", "formatted_address": "", "confidence": 0.97939908288275956, "original_geometry_wkt": "POINT (-84.327282 32.8839667)" }, "geometry": { "type": "Point", "coordinates": [ -84.327282, 32.8839667 ] } },
{ "type": "Feature", "properties": { "id": "08f29a1d757754ea0332f1270404dc2f", "place_name": "Peking Tavern", "primary_category": "chinese_restaurant", "formatted_address": "", "confidence": 0.99526178906303475, "original_geometry_wkt": "POINT (-118.2438847 34.0494296)" }, "geometry": { "type": "Point", "coordinates": [ -118.2438847, 34.0494296 ] } },
{ "type": "Feature", "properties": { "id": "08f2836ad5d7590603f20d31248711ae", "place_name": "All-In Machining", "primary_category": "machine_shop", "formatted_address": "", "confidence": 0.92339261285909713, "original_geometry_wkt": "POINT (-121.4276718 37.7682083)" }, "geometry": { "type": "Point", "coordinates": [ -121.4276718, 37.7682083 ] } },
{ "type": "Feature", "properties": { "id": "08f44a9642658c8803a561ecc750e2e3", "place_name": "Highspeed Animal Trapping", "primary_category": "pest_control_service", "formatted_address": "", "confidence": 0.98238030095759232, "original_geometry_wkt": "POINT (-81.1896074 28.9222065)" }, "geometry": { "type": "Point", "coordinates": [ -81.1896074, 28.9222065 ] } },
{ "type": "Feature", "properties": { "id": "08f44e5ac63025a6031ebef7af5ce791", "place_name": "Jewel In The Sand", "primary_category": "hotel", "formatted_address": "", "confidence": 0.35447154471544717, "original_geometry_wkt": "POINT (-86.4777388 30.3843409)" }, "geometry": { "type": "Point", "coordinates": [ -86.4777388, 30.3843409 ] } },
{ "type": "Feature", "properties": { "id": "08f29a07a62817730302a63090031200", "place_name": "Cabins4Less", "primary_category": "hotel", "formatted_address": "", "confidence": 0.48475791990436345, "original_geometry_wkt": "POINT (-116.9109587 34.2417063)" }, "geometry": { "type": "Point", "coordinates": [ -116.9109587, 34.2417063 ] } },
{ "type": "Feature", "properties": { "id": "08f2a1380a48593603ab50ef9c0d6d7a", "place_name": "New Jersey State Funeral Directors' Association", "primary_category": "funeral_services_and_cemeteries", "formatted_address": "", "confidence": 0.93596425912137005, "original_geometry_wkt": "POINT (-74.0972747 40.1515999)" }, "geometry": { "type": "Point", "coordinates": [ -74.0972747, 40.1515999 ] } },
{ "type": "Feature", "properties": { "id": "08f28ac808b6d62903a342e7ce0a59e4", "place_name": "Drake Peak Lookout Cabin", "primary_category": "hotel", "formatted_address": "", "confidence": 0.93596425912137005, "original_geometry_wkt": "POINT (-120.1578736 42.300516)" }, "geometry": { "type": "Point", "coordinates": [ -120.1578736, 42.300516 ] } },
{ "type": "Feature", "properties": { "id": "08f269d8cd34e8e303a6861b23cf6202", "place_name": "Quality Inn Near Western State Colorado University", "primary_category": "inn", "formatted_address": "", "confidence": 0.77, "original_geometry_wkt": "POINT (-106.922533 38.544537)" }, "geometry": { "type": "Point", "coordinates": [ -106.922533, 38.544537 ] } },
{ "type": "Feature", "properties": { "id": "08f2a10a9446365e03da452ad2e58a68", "place_name": "Sushi.Com", "primary_category": "noodles_restaurant", "formatted_address": "", "confidence": 0.77, "original_geometry_wkt": "POINT (-73.5320206 40.7720798)" }, "geometry": { "type": "Point", "coordinates": [ -73.5320206, 40.7720798 ] } },
{ "type": "Feature", "properties": { "id": "08f4880d8ec6476a0305a636ddee7ceb", "place_name": "PMDG Marketing Communications", "primary_category": "advertising_agency", "formatted_address": "", "confidence": 0.93596425912137005, "original_geometry_wkt": "POINT (-99.5049727 27.5077734)" }, "geometry": { "type": "Point", "coordinates": [ -99.5049727, 27.5077734 ] } },
{ "type": "Feature", "properties": { "id": "08f446ca107320980360538745e5f994", "place_name": "Kyla On The Go Westbury Notary Services", "primary_category": "notary_public", "formatted_address": "", "confidence": 0.865, "original_geometry_wkt": "POINT (-95.4926648 29.6412157)" }, "geometry": { "type": "Point", "coordinates": [ -95.4926648, 29.6412157 ] } },
{ "type": "Feature", "properties": { "id": "08f489e346b8401503461b9aebb3a215", "place_name": "Gennovacap", "primary_category": "web_designer", "formatted_address": "", "confidence": 0.89412568306010931, "original_geometry_wkt": "POINT (-97.7524675 30.2589384)" }, "geometry": { "type": "Point", "coordinates": [ -97.7524675, 30.2589384 ] } },
{ "type": "Feature", "properties": { "id": "08f29b6d1850a1b103ec52a03b37d9a9", "place_name": "Hansen Mortuary", "primary_category": "funeral_services_and_cemeteries", "formatted_address": "", "confidence": 0.99526178906303475, "original_geometry_wkt": "POINT (-112.0659841 33.5587485)" }, "geometry": { "type": "Point", "coordinates": [ -112.0659841, 33.5587485 ] } },
{ "type": "Feature", "properties": { "id": "08f44de4f20da7a403b6e4e2fc35eaac", "place_name": "Golden Dragon II", "primary_category": "chinese_restaurant", "formatted_address": "", "confidence": 0.99526178906303475, "original_geometry_wkt": "POINT (-80.0709449 34.3757387)" }, "geometry": { "type": "Point", "coordinates": [ -80.0709449, 34.3757387 ] } },
{ "type": "Feature", "properties": { "id": "08f29a56736714880313f8dfb2b06f79", "place_name": "Nigel Villanueva", "primary_category": "lawyer", "formatted_address": "", "confidence": 0.97939908288275956, "original_geometry_wkt": "POINT (-118.3853271 33.8394791)" }, "geometry": { "type": "Point", "coordinates": [ -118.3853271, 33.8394791 ] } },
{ "type": "Feature", "properties": { "id": "08f26ca0d55a61680327a670665934f8", "place_name": "MrJims.Pizza", "primary_category": "pizza_restaurant", "formatted_address": "", "confidence": 0.99526178906303475, "original_geometry_wkt": "POINT (-98.1037085 32.8082371)" }, "geometry": { "type": "Point", "coordinates": [ -98.1037085, 32.8082371 ] } },
{ "type": "Feature", "properties": { "id": "08f274c4e80291a5037429a164b11a39", "place_name": "Bulldog Party Store", "primary_category": "convenience_store", "formatted_address": "", "confidence": 0.91088026243849096, "original_geometry_wkt": "POINT (-85.4831668 43.6755155)" }, "geometry": { "type": "Point", "coordinates": [ -85.4831668, 43.6755155 ] } },
{ "type": "Feature", "properties": { "id": "08f266d32abaa11803e0d41579b1f299", "place_name": "Redbox", "primary_category": "clothing_rental", "formatted_address": "", "confidence": 0.77, "original_geometry_wkt": "POINT (-84.5718575 38.0047308)" }, "geometry": { "type": "Point", "coordinates": [ -84.5718575, 38.0047308 ] } },
{ "type": "Feature", "properties": { "id": "08f44d5ce060395903a3c4e542d378f8", "place_name": "Advanced A/V Rentals", "primary_category": "event_planning", "formatted_address": "", "confidence": 0.93596425912137005, "original_geometry_wkt": "POINT (-81.0472546 32.0662714)" }, "geometry": { "type": "Point", "coordinates": [ -81.0472546, 32.0662714 ] } },
{ "type": "Feature", "properties": { "id": "08f26e51319882d2035e864bfa197b56", "place_name": "Rustic Creations and More", "primary_category": "arts_and_crafts", "formatted_address": "", "confidence": 0.92339261285909713, "original_geometry_wkt": "POINT (-95.7436789 39.0530757)" }, "geometry": { "type": "Point", "coordinates": [ -95.7436789, 39.0530757 ] } },
{ "type": "Feature", "properties": { "id": "08f44c174d4566a303b260efbcaff2e1", "place_name": "Walgreens", "primary_category": "medical_supply", "formatted_address": "", "confidence": 0.99526178906303475, "original_geometry_wkt": "POINT (-84.0395074 34.0017979)" }, "geometry": { "type": "Point", "coordinates": [ -84.0395074, 34.0017979 ] } },
{ "type": "Feature", "properties": { "id": "08f270bb0a61c1210318c322ad9453df", "place_name": "Hwy 73 Tavern", "primary_category": "bar", "formatted_address": "", "confidence": 0.75796661608497728, "original_geometry_wkt": "POINT (-93.02224 47.30483)" }, "geometry": { "type": "Point", "coordinates": [ -93.02224, 47.30483 ] } },
{ "type": "Feature", "properties": { "id": "08f2b8bd6297249503aca0a3f8a4bcbb", "place_name": "Michael N. Kalil, Esq. LLC", "primary_category": "divorce_and_family_law", "formatted_address": "", "confidence": 0.77, "original_geometry_wkt": "POINT (-75.253608 43.093135)" }, "geometry": { "type": "Point", "coordinates": [ -75.253608, 43.093135 ] } },
{ "type": "Feature", "properties": { "id": "08f4440cac4dc519034a2647a4c81576", "place_name": "Radiant Health of Baton Rouge", "primary_category": "health_food_store", "formatted_address": "", "confidence": 0.97939908288275956, "original_geometry_wkt": "POINT (-91.1066354 30.428128)" }, "geometry": { "type": "Point", "coordinates": [ -91.1066354, 30.428128 ] } },
{ "type": "Feature", "properties": { "id": "08f44f6a95c9b02103105fd40c76bfe4", "place_name": "Flagler Habitat ReStore", "primary_category": "furniture_store", "formatted_address": "", "confidence": 0.97939908288275956, "original_geometry_wkt": "POINT (-81.2687104 29.5551211)" }, "geometry": { "type": "Point", "coordinates": [ -81.2687104, 29.5551211 ] } },
{ "type": "Feature", "properties": { "id": "08f44dd4d125146c032d6ebce8467477", "place_name": "Food Lion", "primary_category": "retail", "formatted_address": "", "confidence": 0.77, "original_geometry_wkt": "POINT (-82.077913 35.036747)" }, "geometry": { "type": "Point", "coordinates": [ -82.077913, 35.036747 ] } },
{ "type": "Feature", "properties": { "id": "08f44dd48eca9d95039aede80a193597", "place_name": "True Value", "primary_category": "hardware_store", "formatted_address": "", "confidence": 0.93596425912137005, "original_geometry_wkt": "POINT (-82.0032554 34.9348816)" }, "geometry": { "type": "Point", "coordinates": [ -82.0032554, 34.9348816 ] } },
{ "type": "Feature", "properties": { "id": "08f5d1151a5039630335512ed58ecdd7", "place_name": "Terminix", "primary_category": "pest_control_service", "formatted_address": "", "confidence": 0.98527177959791512, "original_geometry_wkt": "POINT (-155.0516518 19.6371878)" }, "geometry": { "type": "Point", "coordinates": [ -155.0516518, 19.6371878 ] } },
{ "type": "Feature", "properties": { "id": "08f44c05a9d85d4e03cde841f1c8d3d3", "place_name": "The Cornbread Cafe", "primary_category": "cafe", "formatted_address": "", "confidence": 0.93596425912137005, "original_geometry_wkt": "POINT (-82.7193182 32.7305391)" }, "geometry": { "type": "Point", "coordinates": [ -82.7193182, 32.7305391 ] } },
{ "type": "Feature", "properties": { "id": "08f2681b4e66d58c03b6d65162bf0df7", "place_name": "Redbox", "primary_category": "rental_kiosks", "formatted_address": "", "confidence": 0.77, "original_geometry_wkt": "POINT (-105.0100064 40.0022487)" }, "geometry": { "type": "Point", "coordinates": [ -105.0100064, 40.0022487 ] } },
{ "type": "Feature", "properties": { "id": "08f446c131498ce303ae88cb34142137", "place_name": "Best Storage", "primary_category": "storage_facility", "formatted_address": "", "confidence": 0.48475791990436345, "original_geometry_wkt": "POINT (-95.074934 29.447972)" }, "geometry": { "type": "Point", "coordinates": [ -95.074934, 29.447972 ] } },
{ "type": "Feature", "properties": { "id": "08f264e920322773037776c0c8fe6fe2", "place_name": "Classic Trains & Ferraris", "primary_category": "toy_store", "formatted_address": "", "confidence": 0.97939908288275956, "original_geometry_wkt": "POINT (-88.6671459 37.0353568)" }, "geometry": { "type": "Point", "coordinates": [ -88.6671459, 37.0353568 ] } },
{ "type": "Feature", "properties": { "id": "08f2a30294c15c2503fd7cb51272a73d", "place_name": "Lexur Studios Films", "primary_category": "event_photography", "formatted_address": "", "confidence": 0.28032345013477089, "original_geometry_wkt": "POINT (-70.97449 42.37772)" }, "geometry": { "type": "Point", "coordinates": [ -70.97449, 42.37772 ] } },
{ "type": "Feature", "properties": { "id": "08f44db4d2c538c903549fabbf097717", "place_name": "Champs Sports", "primary_category": "sporting_goods", "formatted_address": "", "confidence": 0.99526178906303475, "original_geometry_wkt": "POINT (-80.2996884 36.0702136)" }, "geometry": { "type": "Point", "coordinates": [ -80.2996884, 36.0702136 ] } },
{ "type": "Feature", "properties": { "id": "08f264db36b0956503da2e0fb3a43027", "place_name": "Hampton Inn & Suites Lebanon", "primary_category": "hotel", "formatted_address": "", "confidence": 0.99526178906303475, "original_geometry_wkt": "POINT (-86.321248 36.183534)" }, "geometry": { "type": "Point", "coordinates": [ -86.321248, 36.183534 ] } },
{ "type": "Feature", "properties": { "id": "08f29aac89a5ca8603e3037ac2c12c9e", "place_name": "Jersey Mike's Subs", "primary_category": "sandwich_shop", "formatted_address": "", "confidence": 0.99526178906303475, "original_geometry_wkt": "POINT (-118.0580553 36.5840357)" }, "geometry": { "type": "Point", "coordinates": [ -118.0580553, 36.5840357 ] } },
{ "type": "Feature", "properties": { "id": "08f264d10e4998140334ab60d1b30387", "place_name": "Nashville Daily Spirits", "primary_category": "liquor_store", "formatted_address": "", "confidence": 0.99526178906303475, "original_geometry_wkt": "POINT (-86.7640078 36.112259)" }, "geometry": { "type": "Point", "coordinates": [ -86.7640078, 36.112259 ] } },
{ "type": "Feature", "properties": { "id": "08f2ab10810a407403013d0d238e4ba1", "place_name": "CF Lodging and Equine Motel", "primary_category": "hotel", "formatted_address": "", "confidence": 0.35447154471544717, "original_geometry_wkt": "POINT (-80.71781 41.37282)" }, "geometry": { "type": "Point", "coordinates": [ -80.71781, 41.37282 ] } },
{ "type": "Feature", "properties": { "id": "08f2a9b91430cc800372302ee7a173ee", "place_name": "double kwik", "primary_category": "convenience_store", "formatted_address": "", "confidence": 0.77, "original_geometry_wkt": "POINT (-82.78298918 37.12361621)" }, "geometry": { "type": "Point", "coordinates": [ -82.78298918, 37.12361621 ] } },
{ "type": "Feature", "properties": { "id": "08f262dd9ba70a08035cffb4a82a23e2", "place_name": "Strut", "primary_category": "advertising_agency", "formatted_address": "", "confidence": 0.91088026243849096, "original_geometry_wkt": "POINT (-92.464114 44.0264703)" }, "geometry": { "type": "Point", "coordinates": [ -92.464114, 44.0264703 ] } },
{ "type": "Feature", "properties": { "id": "08f275998262d34203b1917d589f7e36", "place_name": "Marty's", "primary_category": "american_restaurant", "formatted_address": "", "confidence": 0.35447154471544717, "original_geometry_wkt": "POINT (-88.214377 42.763143)" }, "geometry": { "type": "Point", "coordinates": [ -88.214377, 42.763143 ] } },
{ "type": "Feature", "properties": { "id": "08f2759c1b245d4603609f2255107c91", "place_name": "La Michoacana", "primary_category": "ice_cream_shop", "formatted_address": "", "confidence": 0.97939908288275956, "original_geometry_wkt": "POINT (-88.6459369 42.6331511)" }, "geometry": { "type": "Point", "coordinates": [ -88.6459369, 42.6331511 ] } },
{ "type": "Feature", "properties": { "id": "08f279b03339454003cf217e4fa63784", "place_name": "Liberty Ranch Campground", "primary_category": "rv_park", "formatted_address": "", "confidence": 0.99526178906303475, "original_geometry_wkt": "POINT (-108.0471593 44.3729559)" }, "geometry": { "type": "Point", "coordinates": [ -108.0471593, 44.3729559 ] } },
{ "type": "Feature", "properties": { "id": "08f446c1a11aca4a0343feecf4e89523", "place_name": "Shipping Containers Depot", "primary_category": "professional_services", "formatted_address": "", "confidence": 0.89412568306010931, "original_geometry_wkt": "POINT (-94.98568 29.49849)" }, "geometry": { "type": "Point", "coordinates": [ -94.98568, 29.49849 ] } },
{ "type": "Feature", "properties": { "id": "08f2675162b360a8039ca870855c8d8d", "place_name": "Sunnyfield Greenhouse and Garden Center", "primary_category": "nursery_and_gardening", "formatted_address": "", "confidence": 0.97939908288275956, "original_geometry_wkt": "POINT (-89.9444844 41.1844849)" }, "geometry": { "type": "Point", "coordinates": [ -89.9444844, 41.1844849 ] } },
{ "type": "Feature", "properties": { "id": "08f28d5c1ca5ac8e03a76327e1c6c641", "place_name": "Dash Point State Park Campground Entry", "primary_category": "campground", "formatted_address": "", "confidence": 0.58602150537634412, "original_geometry_wkt": "POINT (-122.406626 47.3170809)" }, "geometry": { "type": "Point", "coordinates": [ -122.406626, 47.3170809 ] } },
{ "type": "Feature", "properties": { "id": "08f2b8cb46b9dd52033c26958a790691", "place_name": "Casella Waste Systems", "primary_category": "garbage_collection_service", "formatted_address": "", "confidence": 0.99526178906303475, "original_geometry_wkt": "POINT (-73.1272269 44.4654794)" }, "geometry": { "type": "Point", "coordinates": [ -73.1272269, 44.4654794 ] } },
{ "type": "Feature", "properties": { "id": "08f266a5095194f4030fa4944d5c4bb4", "place_name": "Bud's Hardware Store", "primary_category": "hardware_store", "formatted_address": "", "confidence": 0.97939908288275956, "original_geometry_wkt": "POINT (-87.8960829 37.9325016)" }, "geometry": { "type": "Point", "coordinates": [ -87.8960829, 37.9325016 ] } },
{ "type": "Feature", "properties": { "id": "08f2655cc3033164034b93fb99f8c768", "place_name": "StorageMart", "primary_category": "self_storage_facility", "formatted_address": "", "confidence": 0.77, "original_geometry_wkt": "POINT (-92.3664256 38.9680207)" }, "geometry": { "type": "Point", "coordinates": [ -92.3664256, 38.9680207 ] } },
{ "type": "Feature", "properties": { "id": "08f444dae300d8e803adcb883a790aaf", "place_name": "Metro by T-Mobile", "primary_category": "mobile_phone_store", "formatted_address": "", "confidence": 0.77, "original_geometry_wkt": "POINT (-94.967641 33.1420202)" }, "geometry": { "type": "Point", "coordinates": [ -94.967641, 33.1420202 ] } },
{ "type": "Feature", "properties": { "id": "08f266b07605acc6038b593fe0c5eefa", "place_name": "Employment & Training Office", "primary_category": "employment_agencies", "formatted_address": "", "confidence": 0.58602150537634412, "original_geometry_wkt": "POINT (-86.438665 36.992838)" }, "geometry": { "type": "Point", "coordinates": [ -86.438665, 36.992838 ] } },
{ "type": "Feature", "properties": { "id": "08f26557ad188a0403c4449507074c1e", "place_name": "United States Postal Service", "primary_category": "shipping_center", "formatted_address": "", "confidence": 0.77, "original_geometry_wkt": "POINT (-92.36484736204147 38.54151641027874)" }, "geometry": { "type": "Point", "coordinates": [ -92.364847362041473, 38.541516410278739 ] } },
{ "type": "Feature", "properties": { "id": "08f441319077160103f14be3de2aa2a3", "place_name": "KYZ Law PC", "primary_category": "business_law", "formatted_address": "", "confidence": 0.77, "original_geometry_wkt": "POINT (-81.744246 26.274366)" }, "geometry": { "type": "Point", "coordinates": [ -81.744246, 26.274366 ] } },
{ "type": "Feature", "properties": { "id": "08f274b0e8481d1503125256b6a2eaa4", "place_name": "Blackopsairsoftandlasertag", "primary_category": "event_planning", "formatted_address": "", "confidence": 0.35447154471544717, "original_geometry_wkt": "POINT (-85.880185 41.6081115)" }, "geometry": { "type": "Point", "coordinates": [ -85.880185, 41.6081115 ] } },
{ "type": "Feature", "properties": { "id": "08f260a7434dd2920366c4f0cec509d0", "place_name": "Holiday Inn Express & Suites Beatrice", "primary_category": "hotel", "formatted_address": "", "confidence": 0.99526178906303475, "original_geometry_wkt": "POINT (-96.7478494 40.3077789)" }, "geometry": { "type": "Point", "coordinates": [ -96.7478494, 40.3077789 ] } },
{ "type": "Feature", "properties": { "id": "08f2a30d5a2642830391da71c64e6845", "place_name": "Raef Granger", "primary_category": "professional_services", "formatted_address": "", "confidence": 0.80493273542600896, "original_geometry_wkt": "POINT (-70.7591796 43.0770043)" }, "geometry": { "type": "Point", "coordinates": [ -70.7591796, 43.0770043 ] } },
{ "type": "Feature", "properties": { "id": "08f2888a71cdc41303f2b7ccddd07e4c", "place_name": "Upchurch Vineyard", "primary_category": "winery", "formatted_address": "", "confidence": 0.97939908288275956, "original_geometry_wkt": "POINT (-119.4609101 46.2598053)" }, "geometry": { "type": "Point", "coordinates": [ -119.4609101, 46.2598053 ] } },
{ "type": "Feature", "properties": { "id": "08f489c0907b472c03e4fb9b01fc152e", "place_name": "Boss Products", "primary_category": "shopping", "formatted_address": "", "confidence": 0.98238030095759232, "original_geometry_wkt": "POINT (-98.285823 29.6105493)" }, "geometry": { "type": "Point", "coordinates": [ -98.285823, 29.6105493 ] } },
{ "type": "Feature", "properties": { "id": "08f12db0c2a0b692038632ab1b6f87f4", "place_name": "Exxon", "primary_category": "convenience_store", "formatted_address": "", "confidence": 0.77, "original_geometry_wkt": "POINT (-117.42166148404408 47.74744460670505)" }, "geometry": { "type": "Point", "coordinates": [ -117.42166148404408, 47.747444606705052 ] } },
{ "type": "Feature", "properties": { "id": "08f44c13208a677503951857b8d6c16c", "place_name": "SearchNom Agency", "primary_category": "marketing_agency", "formatted_address": "", "confidence": 0.77, "original_geometry_wkt": "POINT (-84.36572 33.82771)" }, "geometry": { "type": "Point", "coordinates": [ -84.36572, 33.82771 ] } },
{ "type": "Feature", "properties": { "id": "08f2664c1e2aa55a03698a88b64cd513", "place_name": "Libra Hotel", "primary_category": "hotel", "formatted_address": "", "confidence": 0.35447154471544717, "original_geometry_wkt": "POINT (-87.6250229 41.8870506)" }, "geometry": { "type": "Point", "coordinates": [ -87.6250229, 41.8870506 ] } },
{ "type": "Feature", "properties": { "id": "08f2a96a0e2ab0a303e6393a66e3f863", "place_name": "Ten Mile Woods Apparel", "primary_category": "fashion", "formatted_address": "", "confidence": 0.51851851851851849, "original_geometry_wkt": "POINT (-84.3398236 40.8443763)" }, "geometry": { "type": "Point", "coordinates": [ -84.3398236, 40.8443763 ] } },
{ "type": "Feature", "properties": { "id": "08f0c146600a077203e8ef1c8f05f161", "place_name": "Safeway", "primary_category": "retail", "formatted_address": "", "confidence": 0.77, "original_geometry_wkt": "POINT (-165.4081247 64.501067)" }, "geometry": { "type": "Point", "coordinates": [ -165.4081247, 64.501067 ] } },
{ "type": "Feature", "properties": { "id": "08f26e51302a39350354a9e2e0757f72", "place_name": "Quik Print Topeka", "primary_category": "printing_services", "formatted_address": "", "confidence": 0.93596425912137005, "original_geometry_wkt": "POINT (-95.7658773 39.05208)" }, "geometry": { "type": "Point", "coordinates": [ -95.7658773, 39.05208 ] } },
{ "type": "Feature", "properties": { "id": "08f2a1a4b496dcd303abc27c49df82d7", "place_name": "OC Beach Vacay - Boardwalk Condo Rental", "primary_category": "holiday_rental_home", "formatted_address": "", "confidence": 0.20623145400593468, "original_geometry_wkt": "POINT (-75.0796633 38.3419413)" }, "geometry": { "type": "Point", "coordinates": [ -75.0796633, 38.3419413 ] } },
{ "type": "Feature", "properties": { "id": "08f2a149301662aa03d5f5baa76068e3", "place_name": "Redbox", "primary_category": "video_and_video_game_rentals", "formatted_address": "", "confidence": 0.77, "original_geometry_wkt": "POINT (-72.5436689 42.2470793)" }, "geometry": { "type": "Point", "coordinates": [ -72.5436689, 42.2470793 ] } },
{ "type": "Feature", "properties": { "id": "08f2675dae30396303aa2a5c79717f2f", "place_name": "AmDesign", "primary_category": "jewelry_store", "formatted_address": "", "confidence": 0.97564890710382512, "original_geometry_wkt": "POINT (-90.505831 41.577655)" }, "geometry": { "type": "Point", "coordinates": [ -90.505831, 41.577655 ] } },
{ "type": "Feature", "properties": { "id": "08f29a1d75adeb6c032b918f7b955b04", "place_name": "STK Photo", "primary_category": "professional_services", "formatted_address": "", "confidence": 0.89412568306010931, "original_geometry_wkt": "POINT (-118.2538661 34.0458034)" }, "geometry": { "type": "Point", "coordinates": [ -118.2538661, 34.0458034 ] } },
{ "type": "Feature", "properties": { "id": "08f44442a48a2d06031f93035eb8b879", "place_name": "Bayou Sneaux & Snacks", "primary_category": "restaurant", "formatted_address": "", "confidence": 0.97939908288275956, "original_geometry_wkt": "POINT (-91.800429 30.0018419)" }, "geometry": { "type": "Point", "coordinates": [ -91.800429, 30.0018419 ] } },
{ "type": "Feature", "properties": { "id": "08f267184eb350d803674ef99ac0f071", "place_name": "DG Market", "primary_category": "retail", "formatted_address": "", "confidence": 0.77, "original_geometry_wkt": "POINT (-90.0543 40.2938)" }, "geometry": { "type": "Point", "coordinates": [ -90.0543, 40.2938 ] } },
{ "type": "Feature", "properties": { "id": "08f48e96eba12ad803ada08c43834f2f", "place_name": "Phoenician Concepts", "primary_category": "retail", "formatted_address": "", "confidence": 0.77, "original_geometry_wkt": "POINT (-112.3594753 33.4324117)" }, "geometry": { "type": "Point", "coordinates": [ -112.3594753, 33.4324117 ] } },
{ "type": "Feature", "properties": { "id": "08f489bd9a3199090304afd3812cced1", "place_name": "Subway", "primary_category": "sandwich_shop", "formatted_address": "", "confidence": 0.98527177959791512, "original_geometry_wkt": "POINT (-97.7132331 31.4254223)" }, "geometry": { "type": "Point", "coordinates": [ -97.7132331, 31.4254223 ] } },
{ "type": "Feature", "properties": { "id": "08f2aa8782336ccc032bb55ffd3cc704", "place_name": "Zekaria", "primary_category": "restaurant", "formatted_address": "", "confidence": 0.28032345013477089, "original_geometry_wkt": "POINT (-77.0638069 38.8005066)" }, "geometry": { "type": "Point", "coordinates": [ -77.0638069, 38.8005066 ] } },
{ "type": "Feature", "properties": { "id": "08f2b99a60a61af603c2dac5a761bbb5", "place_name": "White Birch Campground", "primary_category": "campground", "formatted_address": "", "confidence": 0.77, "original_geometry_wkt": "POINT (-77.0064315795898 43.2709922790527)" }, "geometry": { "type": "Point", "coordinates": [ -77.006431579589801, 43.270992279052699 ] } },
{ "type": "Feature", "properties": { "id": "08f2baba667526dd034a617ff91939ab", "place_name": "Stiles Fuel", "primary_category": "propane_supplier", "formatted_address": "", "confidence": 0.77, "original_geometry_wkt": "POINT (-71.604473 44.380427)" }, "geometry": { "type": "Point", "coordinates": [ -71.604473, 44.380427 ] } },
{ "type": "Feature", "properties": { "id": "08f26caa6c0e12a1035afb141c8c1d62", "place_name": "LiquorLand", "primary_category": "liquor_store", "formatted_address": "", "confidence": 0.97939908288275956, "original_geometry_wkt": "POINT (-97.2754889 32.8931654)" }, "geometry": { "type": "Point", "coordinates": [ -97.2754889, 32.8931654 ] } },
{ "type": "Feature", "properties": { "id": "08f2a307656db41d03d662a6a3bdec1b", "place_name": "Rent-All", "primary_category": "outdoor_gear", "formatted_address": "", "confidence": 0.97939908288275956, "original_geometry_wkt": "POINT (-70.9349285 42.491763)" }, "geometry": { "type": "Point", "coordinates": [ -70.9349285, 42.491763 ] } },
{ "type": "Feature", "properties": { "id": "08f26aa4361a092b030d4f6ca466db8d", "place_name": "Cruz Construction Solutions", "primary_category": "professional_services", "formatted_address": "", "confidence": 0.86455331412103742, "original_geometry_wkt": "POINT (-105.0742242 40.4220922)" }, "geometry": { "type": "Point", "coordinates": [ -105.0742242, 40.4220922 ] } },
{ "type": "Feature", "properties": { "id": "08f269dd14a180de03557663ebb03589", "place_name": "1-2-Thai", "primary_category": "thai_restaurant", "formatted_address": "", "confidence": 0.35447154471544717, "original_geometry_wkt": "POINT (-107.5977936 38.8693314)" }, "geometry": { "type": "Point", "coordinates": [ -107.5977936, 38.8693314 ] } },
{ "type": "Feature", "properties": { "id": "08f268cc519a080d0392a013138ca729", "place_name": "Flintwood Floral", "primary_category": "flowers_and_gifts_shop", "formatted_address": "", "confidence": 0.98527177959791512, "original_geometry_wkt": "POINT (-104.7732227 39.5447459)" }, "geometry": { "type": "Point", "coordinates": [ -104.7732227, 39.5447459 ] } },
{ "type": "Feature", "properties": { "id": "08f2b8d79c953cb30399459366a31ea3", "place_name": "United States Postal Service", "primary_category": "shipping_center", "formatted_address": "", "confidence": 0.77, "original_geometry_wkt": "POINT (-73.69099706411362 43.481710946895184)" }, "geometry": { "type": "Point", "coordinates": [ -73.690997064113617, 43.481710946895184 ] } },
{ "type": "Feature", "properties": { "id": "08f44cc515c5283603c8a82b24bf7646", "place_name": "Menagerie on Main", "primary_category": "flowers_and_gifts_shop", "formatted_address": "", "confidence": 0.97994612391499547, "original_geometry_wkt": "POINT (-84.4943757 34.2369148)" }, "geometry": { "type": "Point", "coordinates": [ -84.4943757, 34.2369148 ] } },
{ "type": "Feature", "properties": { "id": "08f2ad20087595a6033fe3dd7fb34603", "place_name": "Prestige Funeral Home", "primary_category": "funeral_services_and_cemeteries", "formatted_address": "", "confidence": 0.97939908288275956, "original_geometry_wkt": "POINT (-79.3740771 34.4209155)" }, "geometry": { "type": "Point", "coordinates": [ -79.3740771, 34.4209155 ] } },
{ "type": "Feature", "properties": { "id": "08f29a0b6a91da0003aca87c941d4429", "place_name": "So Moon Nan Jokbal", "primary_category": "korean_restaurant", "formatted_address": "", "confidence": 0.99526178906303475, "original_geometry_wkt": "POINT (-117.9764444 33.7747046)" }, "geometry": { "type": "Point", "coordinates": [ -117.9764444, 33.7747046 ] } },
{ "type": "Feature", "properties": { "id": "08f2ad667627295203aa9e3d9375bee7", "place_name": "Cardinal State Storage", "primary_category": "self_storage_facility", "formatted_address": "", "confidence": 0.93596425912137005, "original_geometry_wkt": "POINT (-79.1230788 35.0333666)" }, "geometry": { "type": "Point", "coordinates": [ -79.1230788, 35.0333666 ] } },
{ "type": "Feature", "properties": { "id": "08f26c80c4c0019a031c06ec6d34a08e", "place_name": "Rudd Legal, PLLC", "primary_category": "divorce_and_family_law", "formatted_address": "", "confidence": 0.28032345013477089, "original_geometry_wkt": "POINT (-96.79056 33.23381)" }, "geometry": { "type": "Point", "coordinates": [ -96.79056, 33.23381 ] } },
{ "type": "Feature", "properties": { "id": "08f44f690270d052038f18cdbfcf3789", "place_name": "Kappa Map Group", "primary_category": "professional_services", "formatted_address": "", "confidence": 0.20623145400593468, "original_geometry_wkt": "POINT (-81.30283 29.02773)" }, "geometry": { "type": "Point", "coordinates": [ -81.30283, 29.02773 ] } },
{ "type": "Feature", "properties": { "id": "08f28941944696c40330495c4a5c3c07", "place_name": "Mandarin Restaurant", "primary_category": "chinese_restaurant", "formatted_address": "", "confidence": 0.97939908288275956, "original_geometry_wkt": "POINT (-111.7775941 43.8400722)" }, "geometry": { "type": "Point", "coordinates": [ -111.7775941, 43.8400722 ] } },
{ "type": "Feature", "properties": { "id": "08f2aa6035868a13032638671646ea3a", "place_name": "Hometown Storage", "primary_category": "self_storage_facility", "formatted_address": "", "confidence": 0.97939908288275956, "original_geometry_wkt": "POINT (-78.4020583 42.5495551)" }, "geometry": { "type": "Point", "coordinates": [ -78.4020583, 42.5495551 ] } },
{ "type": "Feature", "properties": { "id": "08f266340d965902032f0e4e3468f049", "place_name": "Sol Del Mar Mexican Bar & Grill", "primary_category": "mexican_restaurant", "formatted_address": "", "confidence": 0.77, "original_geometry_wkt": "POINT (-88.606927 39.599585)" }, "geometry": { "type": "Point", "coordinates": [ -88.606927, 39.599585 ] } },
{ "type": "Feature", "properties": { "id": "08f264b6830cb42403b9982c9b28649c", "place_name": "Computer Universe", "primary_category": "it_service_and_computer_repair", "formatted_address": "", "confidence": 0.99526178906303475, "original_geometry_wkt": "POINT (-88.7238272 34.2567122)" }, "geometry": { "type": "Point", "coordinates": [ -88.7238272, 34.2567122 ] } },
{ "type": "Feature", "properties": { "id": "08f274075085e8ad03074313ff1b43bc", "place_name": "Welcker's Lounge", "primary_category": "bar", "formatted_address": "", "confidence": 0.97939908288275956, "original_geometry_wkt": "POINT (-87.2479153 45.1283416)" }, "geometry": { "type": "Point", "coordinates": [ -87.2479153, 45.1283416 ] } },
{ "type": "Feature", "properties": { "id": "08f2aa847286b130031d1110c4c0a9d5", "place_name": "Laundroland", "primary_category": "laundromat", "formatted_address": "", "confidence": 0.31844029244516658, "original_geometry_wkt": "POINT (-76.988603 38.991318)" }, "geometry": { "type": "Point", "coordinates": [ -76.988603, 38.991318 ] } },
{ "type": "Feature", "properties": { "id": "08f2a10a1425674c03049cb5dbbe0849", "place_name": "Energy Fuel", "primary_category": "burger_restaurant", "formatted_address": "", "confidence": 0.97939908288275956, "original_geometry_wkt": "POINT (-73.3119232 40.7668177)" }, "geometry": { "type": "Point", "coordinates": [ -73.3119232, 40.7668177 ] } },
{ "type": "Feature", "properties": { "id": "08f28300ed7221ae03a5043f9b5e9f71", "place_name": "Consign & Design", "primary_category": "thrift_store", "formatted_address": "", "confidence": 0.97939908288275956, "original_geometry_wkt": "POINT (-122.2991658 38.3232665)" }, "geometry": { "type": "Point", "coordinates": [ -122.2991658, 38.3232665 ] } },
{ "type": "Feature", "properties": { "id": "08f2659a4e6f4173039b03538cc7a75a", "place_name": "Panera Bread", "primary_category": "cafe", "formatted_address": "", "confidence": 0.99526178906303475, "original_geometry_wkt": "POINT (-89.8562893 34.9605966)" }, "geometry": { "type": "Point", "coordinates": [ -89.8562893, 34.9605966 ] } },
{ "type": "Feature", "properties": { "id": "08f4451ba601c36d03d8466728ae63a3", "place_name": "Church Street Cakery", "primary_category": "bakery", "formatted_address": "", "confidence": 0.93596425912137005, "original_geometry_wkt": "POINT (-89.421095 31.2859277)" }, "geometry": { "type": "Point", "coordinates": [ -89.421095, 31.2859277 ] } },
{ "type": "Feature", "properties": { "id": "08f2a304458cb501037f69380780cad1", "place_name": "Liban D'Or", "primary_category": "grocery_store", "formatted_address": "", "confidence": 0.97939908288275956, "original_geometry_wkt": "POINT (-71.1897856 42.7284523)" }, "geometry": { "type": "Point", "coordinates": [ -71.1897856, 42.7284523 ] } },
{ "type": "Feature", "properties": { "id": "08f28f0b26d1c61003d0233cb062ad85", "place_name": "Nash & Nichol", "primary_category": "home_goods_store", "formatted_address": "", "confidence": 0.97939908288275956, "original_geometry_wkt": "POINT (-123.1931109 45.21015)" }, "geometry": { "type": "Point", "coordinates": [ -123.1931109, 45.21015 ] } },
{ "type": "Feature", "properties": { "id": "08f275249b5166560369769812369402", "place_name": "New Creations Child Care and Learning Center", "primary_category": "day_care_preschool", "formatted_address": "", "confidence": 0.93596425912137005, "original_geometry_wkt": "POINT (-93.6896303 45.3327406)" }, "geometry": { "type": "Point", "coordinates": [ -93.6896303, 45.3327406 ] } },
{ "type": "Feature", "properties": { "id": "08f2b892182ce52c038fa261dbef6f98", "place_name": "Stair Galleries", "primary_category": "auction_house", "formatted_address": "", "confidence": 0.99538760850044894, "original_geometry_wkt": "POINT (-73.7851866 42.2483704)" }, "geometry": { "type": "Point", "coordinates": [ -73.7851866, 42.2483704 ] } },
{ "type": "Feature", "properties": { "id": "08f44d85ab1a1a640395f03fecc054d9", "place_name": "7-Eleven", "primary_category": "convenience_store", "formatted_address": "", "confidence": 0.99526178906303475, "original_geometry_wkt": "POINT (-80.9217055 34.9806077)" }, "geometry": { "type": "Point", "coordinates": [ -80.9217055, 34.9806077 ] } },
{ "type": "Feature", "properties": { "id": "08f28d54da86668e037b7e013d5c8365", "place_name": "QFC", "primary_category": "retail", "formatted_address": "", "confidence": 0.94433232169954473, "original_geometry_wkt": "POINT (-122.21938653850884 47.848552910349895)" }, "geometry": { "type": "Point", "coordinates": [ -122.219386538508843, 47.848552910349895 ] } },
{ "type": "Feature", "properties": { "id": "08f29a18802e532b0324827f2dcfeeb6", "place_name": "Victor Tailor", "primary_category": "sewing_and_alterations", "formatted_address": "", "confidence": 0.20623145400593468, "original_geometry_wkt": "POINT (-118.44924 34.1847749)" }, "geometry": { "type": "Point", "coordinates": [ -118.44924, 34.1847749 ] } },
{ "type": "Feature", "properties": { "id": "08f2699518a2d731030d61df2fa01098", "place_name": "Cubby Hole Storage", "primary_category": "storage_facility", "formatted_address": "", "confidence": 0.93596425912137005, "original_geometry_wkt": "POINT (-107.8512391 37.297622)" }, "geometry": { "type": "Point", "coordinates": [ -107.8512391, 37.297622 ] } },
{ "type": "Feature", "properties": { "id": "08f2a847013b675e032e4f2c97cdbbac", "place_name": "Laundry mat", "primary_category": "laundromat", "formatted_address": "", "confidence": 0.35447154471544717, "original_geometry_wkt": "POINT (-79.909067 40.388236)" }, "geometry": { "type": "Point", "coordinates": [ -79.909067, 40.388236 ] } },
{ "type": "Feature", "properties": { "id": "08f26d90eb6ca9940310049677ed9815", "place_name": "Diamond S Ranch - Sanchez Family", "primary_category": "holiday_rental_home", "formatted_address": "", "confidence": 0.19617224880382778, "original_geometry_wkt": "POINT (-99.2305353 32.3457721)" }, "geometry": { "type": "Point", "coordinates": [ -99.2305353, 32.3457721 ] } },
{ "type": "Feature", "properties": { "id": "08f28d18252419660364864beb8952fd", "place_name": "Sequim West Inn", "primary_category": "hotel", "formatted_address": "", "confidence": 0.97939908288275956, "original_geometry_wkt": "POINT (-123.1198437 48.0797689)" }, "geometry": { "type": "Point", "coordinates": [ -123.1198437, 48.0797689 ] } },
{ "type": "Feature", "properties": { "id": "08f464e72a35e494034d23ca9ac0fa10", "place_name": "Eleele Shopping Center", "primary_category": "shopping_center", "formatted_address": "", "confidence": 0.97939908288275956, "original_geometry_wkt": "POINT (-159.5855169 21.9052488)" }, "geometry": { "type": "Point", "coordinates": [ -159.585516899999988, 21.9052488 ] } },
{ "type": "Feature", "properties": { "id": "08f489c0a471538a0359c1331319b3c1", "place_name": "Aquatic Escapes", "primary_category": "construction_services", "formatted_address": "", "confidence": 0.51851851851851849, "original_geometry_wkt": "POINT (-98.3960223 29.5287735)" }, "geometry": { "type": "Point", "coordinates": [ -98.3960223, 29.5287735 ] } },
{ "type": "Feature", "properties": { "id": "08f44d503119ed55038bc90aa52b8796", "place_name": "Dollar General", "primary_category": "discount_store", "formatted_address": "", "confidence": 0.99526178906303475, "original_geometry_wkt": "POINT (-81.2339361 32.2891951)" }, "geometry": { "type": "Point", "coordinates": [ -81.2339361, 32.2891951 ] } },
{ "type": "Feature", "properties": { "id": "08f26560e9c2b72e03d540c3119c8f74", "place_name": "Auction It 4 Me", "primary_category": "auction_house", "formatted_address": "", "confidence": 0.89412568306010931, "original_geometry_wkt": "POINT (-94.3785768 39.0349842)" }, "geometry": { "type": "Point", "coordinates": [ -94.3785768, 39.0349842 ] } },
{ "type": "Feature", "properties": { "id": "08f441a461041a0e03f57c6442c7dc01", "place_name": "Magnolia Trace RV Park", "primary_category": "rv_park", "formatted_address": "", "confidence": 0.93596425912137005, "original_geometry_wkt": "POINT (-82.1662065 28.2425354)" }, "geometry": { "type": "Point", "coordinates": [ -82.1662065, 28.2425354 ] } },
{ "type": "Feature", "properties": { "id": "08f26c937305549d03c942a51ae56607", "place_name": "Adams Design Service", "primary_category": "architectural_designer", "formatted_address": "", "confidence": 0.48475791990436345, "original_geometry_wkt": "POINT (-95.301468 32.347486)" }, "geometry": { "type": "Point", "coordinates": [ -95.301468, 32.347486 ] } },
{ "type": "Feature", "properties": { "id": "08f2a8b209300a7603fb0d4968cac5c1", "place_name": "Siler City Moose Lodge", "primary_category": "bar", "formatted_address": "", "confidence": 0.97939908288275956, "original_geometry_wkt": "POINT (-79.4522757 35.7192076)" }, "geometry": { "type": "Point", "coordinates": [ -79.4522757, 35.7192076 ] } },
{ "type": "Feature", "properties": { "id": "08f2664c95b3099803447b363f8baf29", "place_name": "Alejandra I. Vilchis, Attorney at Law", "primary_category": "divorce_and_family_law", "formatted_address": "", "confidence": 0.87705559906029762, "original_geometry_wkt": "POINT (-87.8040334 41.9086042)" }, "geometry": { "type": "Point", "coordinates": [ -87.8040334, 41.9086042 ] } },
{ "type": "Feature", "properties": { "id": "08f28d5429d4569a03661780dc37bcc7", "place_name": "The Sushi Samurai", "primary_category": "sushi_restaurant", "formatted_address": "", "confidence": 0.97939908288275956, "original_geometry_wkt": "POINT (-122.3570787 47.6353051)" }, "geometry": { "type": "Point", "coordinates": [ -122.3570787, 47.6353051 ] } },
{ "type": "Feature", "properties": { "id": "08f2a364d379b974033dc5e61c5ddc56", "place_name": "Hotel Coolidge", "primary_category": "hotel", "formatted_address": "", "confidence": 0.99538760850044894, "original_geometry_wkt": "POINT (-72.3188791 43.6480214)" }, "geometry": { "type": "Point", "coordinates": [ -72.3188791, 43.6480214 ] } },
{ "type": "Feature", "properties": { "id": "08f26aacdad61c2103b1bf12800193ed", "place_name": "United States Postal Service", "primary_category": "shipping_center", "formatted_address": "", "confidence": 0.77, "original_geometry_wkt": "POINT (-104.85098161183947 40.5240043900689)" }, "geometry": { "type": "Point", "coordinates": [ -104.850981611839472, 40.524004390068903 ] } },
{ "type": "Feature", "properties": { "id": "08f2a100882d66c0039980aec7834f95", "place_name": "String Player Central", "primary_category": "musical_instrument_store", "formatted_address": "", "confidence": 0.77, "original_geometry_wkt": "POINT (-73.97641 40.78779)" }, "geometry": { "type": "Point", "coordinates": [ -73.97641, 40.78779 ] } },
{ "type": "Feature", "properties": { "id": "08f2a1272865b2ad030393d2e263965c", "place_name": "Walmart Grocery Pickup", "primary_category": "grocery_store", "formatted_address": "", "confidence": 0.97939908288275956, "original_geometry_wkt": "POINT (-75.4877814 40.644399)" }, "geometry": { "type": "Point", "coordinates": [ -75.4877814, 40.644399 ] } },
{ "type": "Feature", "properties": { "id": "08f2a312c624500a038c2fa00db69f76", "place_name": "The Beachside on Nantucket", "primary_category": "resort", "formatted_address": "", "confidence": 0.77, "original_geometry_wkt": "POINT (-70.1031851 41.2895769)" }, "geometry": { "type": "Point", "coordinates": [ -70.1031851, 41.2895769 ] } },
{ "type": "Feature", "properties": { "id": "08f266812e1b0b1e03f515b5a64b633b", "place_name": "Magpie Avenue", "primary_category": "boutique", "formatted_address": "", "confidence": 0.92798690671031092, "original_geometry_wkt": "POINT (-86.1256554 38.2104222)" }, "geometry": { "type": "Point", "coordinates": [ -86.1256554, 38.2104222 ] } },
{ "type": "Feature", "properties": { "id": "08f266694b8dd34103db5d8f268c8bfe", "place_name": "SNT Biotech Lab", "primary_category": "pharmacy", "formatted_address": "", "confidence": 0.87705559906029762, "original_geometry_wkt": "POINT (-88.2061076 41.6186691)" }, "geometry": { "type": "Point", "coordinates": [ -88.2061076, 41.6186691 ] } },
{ "type": "Feature", "properties": { "id": "08f44d07088ec660039e8c30926bcd5c", "place_name": "Residence Inn by Marriott Charleston Downtown/Riverview", "primary_category": "hotel", "formatted_address": "", "confidence": 0.99526178906303475, "original_geometry_wkt": "POINT (-79.9655274 32.7775184)" }, "geometry": { "type": "Point", "coordinates": [ -79.9655274, 32.7775184 ] } },
{ "type": "Feature", "properties": { "id": "08f2a30c4673036e03665822befc4416", "place_name": "Portsmouth Invitation Company", "primary_category": "printing_services", "formatted_address": "", "confidence": 0.93596425912137005, "original_geometry_wkt": "POINT (-70.8054183 43.009466)" }, "geometry": { "type": "Point", "coordinates": [ -70.8054183, 43.009466 ] } },
{ "type": "Feature", "properties": { "id": "08f2652905d1006d036995518da59108", "place_name": "Price Chopper", "primary_category": "grocery_store", "formatted_address": "", "confidence": 0.97939908288275956, "original_geometry_wkt": "POINT (-94.3598256 38.6527268)" }, "geometry": { "type": "Point", "coordinates": [ -94.3598256, 38.6527268 ] } },
{ "type": "Feature", "properties": { "id": "08f2a107756f1b2003ea02197b5b07c1", "place_name": "Dipon Mobile", "primary_category": "mobile_phone_store", "formatted_address": "", "confidence": 0.865, "original_geometry_wkt": "POINT (-73.9792532 40.6425953)" }, "geometry": { "type": "Point", "coordinates": [ -73.9792532, 40.6425953 ] } },
{ "type": "Feature", "properties": { "id": "08f2b8e05bd8d821030d3d82f3ed1a9b", "place_name": "Serendipity's", "primary_category": "bar", "formatted_address": "", "confidence": 0.93596425912137005, "original_geometry_wkt": "POINT (-75.4690657 44.3346188)" }, "geometry": { "type": "Point", "coordinates": [ -75.4690657, 44.3346188 ] } },
{ "type": "Feature", "properties": { "id": "08f44550949406a80323a45c9b29f172", "place_name": "Hotel Vela", "primary_category": "hotel", "formatted_address": "", "confidence": 0.77, "original_geometry_wkt": "POINT (-89.09175714110451 30.36865409087421)" }, "geometry": { "type": "Point", "coordinates": [ -89.091757141104509, 30.368654090874209 ] } },
{ "type": "Feature", "properties": { "id": "08f2832171a6a6a3037a788a5eceaf26", "place_name": "Clock Tower Self Storage", "primary_category": "self_storage_facility", "formatted_address": "", "confidence": 0.99526178906303475, "original_geometry_wkt": "POINT (-121.1691802 38.7023859)" }, "geometry": { "type": "Point", "coordinates": [ -121.1691802, 38.7023859 ] } },
{ "type": "Feature", "properties": { "id": "08f44f009c73212803cfa85f7b93f01a", "place_name": "Third and Main", "primary_category": "hotel", "formatted_address": "", "confidence": 0.75796661608497728, "original_geometry_wkt": "POINT (-81.65428 30.33937)" }, "geometry": { "type": "Point", "coordinates": [ -81.65428, 30.33937 ] } },
{ "type": "Feature", "properties": { "id": "08f48c6c6a1538dd035389c7b17be7e9", "place_name": "Unique Soccer", "primary_category": "sporting_goods", "formatted_address": "", "confidence": 0.97939908288275956, "original_geometry_wkt": "POINT (-106.4122934 31.782895)" }, "geometry": { "type": "Point", "coordinates": [ -106.4122934, 31.782895 ] } },
{ "type": "Feature", "properties": { "id": "08f2a134ac30a72e03e81070c7225208", "place_name": "Pho Ha Saigon", "primary_category": "vietnamese_restaurant", "formatted_address": "", "confidence": 0.97939908288275956, "original_geometry_wkt": "POINT (-75.107989 40.0358935)" }, "geometry": { "type": "Point", "coordinates": [ -75.107989, 40.0358935 ] } },
{ "type": "Feature", "properties": { "id": "08f27434266e6b3103d9de9bb1fa3249", "place_name": "ALDI USA", "primary_category": "supermarket", "formatted_address": "", "confidence": 0.99526178906303475, "original_geometry_wkt": "POINT (-88.0708005 44.4837608)" }, "geometry": { "type": "Point", "coordinates": [ -88.0708005, 44.4837608 ] } },
{ "type": "Feature", "properties": { "id": "08f2a1225e49c46e0373a4acca5798d4", "place_name": "Childtime of Doylestown", "primary_category": "child_care_and_day_care", "formatted_address": "", "confidence": 0.77, "original_geometry_wkt": "POINT (-75.09884 40.28403)" }, "geometry": { "type": "Point", "coordinates": [ -75.09884, 40.28403 ] } },
{ "type": "Feature", "properties": { "id": "08f29898cd6492f00319bd2ea9f7aa7a", "place_name": "Jiffys Pizza Tahoe Vista", "primary_category": "pizza_restaurant", "formatted_address": "", "confidence": 0.97939908288275956, "original_geometry_wkt": "POINT (-120.0480909 39.2397206)" }, "geometry": { "type": "Point", "coordinates": [ -120.0480909, 39.2397206 ] } },
{ "type": "Feature", "properties": { "id": "08f2a1227391869c0340b42a0b2fb9d1", "place_name": "Cook & Gardener Vintage + Antiques", "primary_category": "gift_shop", "formatted_address": "", "confidence": 0.77, "original_geometry_wkt": "POINT (-75.03308859 40.34648265)" }, "geometry": { "type": "Point", "coordinates": [ -75.03308859, 40.34648265 ] } },
{ "type": "Feature", "properties": { "id": "08f2986b9500151403000839843a0fef", "place_name": "Vivida Dermatology", "primary_category": "professional_services", "formatted_address": "", "confidence": 0.97950246036085287, "original_geometry_wkt": "POINT (-115.1230373 36.1154455)" }, "geometry": { "type": "Point", "coordinates": [ -115.1230373, 36.1154455 ] } },
{ "type": "Feature", "properties": { "id": "08f2a91d6a4969b203b7fa6ebcd7ac79", "place_name": "Rhino Self Storage - South Bloomfield", "primary_category": "self_storage_facility", "formatted_address": "", "confidence": 0.77, "original_geometry_wkt": "POINT (-82.9882652 39.7228852)" }, "geometry": { "type": "Point", "coordinates": [ -82.9882652, 39.7228852 ] } },
{ "type": "Feature", "properties": { "id": "08f2b9b34d2f3cc603e6e324483b99d1", "place_name": "Amabel Provisions", "primary_category": "specialty_grocery_store", "formatted_address": "", "confidence": 0.93596425912137005, "original_geometry_wkt": "POINT (-78.8771698 42.9243775)" }, "geometry": { "type": "Point", "coordinates": [ -78.8771698, 42.9243775 ] } },
{ "type": "Feature", "properties": { "id": "08f44554529961a503a33f1b232cad5b", "place_name": "D'Iberville Memorial Park", "primary_category": "funeral_services_and_cemeteries", "formatted_address": "", "confidence": 0.99526178906303475, "original_geometry_wkt": "POINT (-88.8873648 30.443667)" }, "geometry": { "type": "Point", "coordinates": [ -88.8873648, 30.443667 ] } },
{ "type": "Feature", "properties": { "id": "08f2a100c338916003d9d5f8b3f40a22", "place_name": "Telco Stores", "primary_category": "department_store", "formatted_address": "", "confidence": 0.97939908288275956, "original_geometry_wkt": "POINT (-73.8953824 40.7006783)" }, "geometry": { "type": "Point", "coordinates": [ -73.8953824, 40.7006783 ] } },
{ "type": "Feature", "properties": { "id": "08f2a33170a7516503e1061a055bc74e", "place_name": "Family Dollar", "primary_category": "discount_store", "formatted_address": "", "confidence": 0.89412568306010931, "original_geometry_wkt": "POINT (-71.3531772 41.8575093)" }, "geometry": { "type": "Point", "coordinates": [ -71.3531772, 41.8575093 ] } },
{ "type": "Feature", "properties": { "id": "08f29a1d58c403a50322528dbaff3bd1", "place_name": "IHOP", "primary_category": "breakfast_and_brunch_restaurant", "formatted_address": "", "confidence": 0.97939908288275956, "original_geometry_wkt": "POINT (-118.2430402 34.15502)" }, "geometry": { "type": "Point", "coordinates": [ -118.2430402, 34.15502 ] } },
{ "type": "Feature", "properties": { "id": "08f2a33d10b34d8a035e19b46e7fa75e", "place_name": "Olive Garden Italian Restaurant", "primary_category": "salad_bar", "formatted_address": "", "confidence": 0.77, "original_geometry_wkt": "POINT (-71.6235 42.35027)" }, "geometry": { "type": "Point", "coordinates": [ -71.6235, 42.35027 ] } },
{ "type": "Feature", "properties": { "id": "08f2640c507a574b03f3da764f851ea1", "place_name": "Soccer Master", "primary_category": "sporting_goods", "formatted_address": "", "confidence": 0.97939908288275956, "original_geometry_wkt": "POINT (-89.9238948 38.5717815)" }, "geometry": { "type": "Point", "coordinates": [ -89.9238948, 38.5717815 ] } },
{ "type": "Feature", "properties": { "id": "08f2661a308b5401037bdedbf16f4520", "place_name": "Pride Academy", "primary_category": "day_care_preschool", "formatted_address": "", "confidence": 0.97939908288275956, "original_geometry_wkt": "POINT (-86.2557025 39.7948393)" }, "geometry": { "type": "Point", "coordinates": [ -86.2557025, 39.7948393 ] } },
{ "type": "Feature", "properties": { "id": "08f2836204903b8603c7ac8fb9b8347b", "place_name": "College Square Shopping Center", "primary_category": "shopping_center", "formatted_address": "", "confidence": 0.48475791990436345, "original_geometry_wkt": "POINT (-121.32246 37.987137)" }, "geometry": { "type": "Point", "coordinates": [ -121.32246, 37.987137 ] } },
{ "type": "Feature", "properties": { "id": "08f44a915b9a2b8c03ffbe330ff14b89", "place_name": "Climax Smoke Shop", "primary_category": "tobacco_shop", "formatted_address": "", "confidence": 0.77, "original_geometry_wkt": "POINT (-81.45821 28.484735)" }, "geometry": { "type": "Point", "coordinates": [ -81.45821, 28.484735 ] } },
{ "type": "Feature", "properties": { "id": "08f2aa845cd0d733039915c6b9eb1b29", "place_name": "Monte's Sweet Sorrel", "primary_category": "tea_room", "formatted_address": "", "confidence": 0.35447154471544717, "original_geometry_wkt": "POINT (-76.99274 38.92584)" }, "geometry": { "type": "Point", "coordinates": [ -76.99274, 38.92584 ] } },
{ "type": "Feature", "properties": { "id": "08f29a4720505a2603ba8536e42e6915", "place_name": "MKA International, Inc. (MKA San Diego)", "primary_category": "engineering_services", "formatted_address": "", "confidence": 0.77, "original_geometry_wkt": "POINT (-117.0832979 33.0154527)" }, "geometry": { "type": "Point", "coordinates": [ -117.0832979, 33.0154527 ] } },
{ "type": "Feature", "properties": { "id": "08f44ed29315299403980e038961210f", "place_name": "Circle K", "primary_category": "convenience_store", "formatted_address": "", "confidence": 0.99526178906303475, "original_geometry_wkt": "POINT (-87.6028317 33.2658304)" }, "geometry": { "type": "Point", "coordinates": [ -87.6028317, 33.2658304 ] } },
{ "type": "Feature", "properties": { "id": "08f27aa8b46ae2800360ca1c4068f8a5", "place_name": "White Mountain Operating", "primary_category": "professional_services", "formatted_address": "", "confidence": 0.91088026243849096, "original_geometry_wkt": "POINT (-103.6962714 48.1452547)" }, "geometry": { "type": "Point", "coordinates": [ -103.6962714, 48.1452547 ] } },
{ "type": "Feature", "properties": { "id": "08f44cd5a3a1d35903c903d56f6e07b5", "place_name": "Carlos Bail Bonding", "primary_category": "bail_bonds_service", "formatted_address": "", "confidence": 0.92798690671031092, "original_geometry_wkt": "POINT (-85.3084825 35.0481236)" }, "geometry": { "type": "Point", "coordinates": [ -85.3084825, 35.0481236 ] } },
{ "type": "Feature", "properties": { "id": "08f2aaab0a12207303f870c0bea0a166", "place_name": "Popeyes® Louisiana Kitchen", "primary_category": "chicken_restaurant", "formatted_address": "", "confidence": 0.99526178906303475, "original_geometry_wkt": "POINT (-77.3599711 38.8635456)" }, "geometry": { "type": "Point", "coordinates": [ -77.3599711, 38.8635456 ] } },
{ "type": "Feature", "properties": { "id": "08f2a9a544099a3303f1cfbe09906913", "place_name": "Doctor's Inn", "primary_category": "bed_and_breakfast", "formatted_address": "", "confidence": 0.97939908288275956, "original_geometry_wkt": "POINT (-84.3029329 37.5678235)" }, "geometry": { "type": "Point", "coordinates": [ -84.3029329, 37.5678235 ] } },
{ "type": "Feature", "properties": { "id": "08f489d59ab606c803517ccee128ff0f", "place_name": "Chateau Burg RV Resort", "primary_category": "rv_park", "formatted_address": "", "confidence": 0.95364238410596025, "original_geometry_wkt": "POINT (-98.9018371 30.237558)" }, "geometry": { "type": "Point", "coordinates": [ -98.9018371, 30.237558 ] } },
{ "type": "Feature", "properties": { "id": "08f28300a306e24e0322af6f6f066631", "place_name": "Laundry Depot", "primary_category": "laundromat", "formatted_address": "", "confidence": 0.97939908288275956, "original_geometry_wkt": "POINT (-122.055762 38.249538)" }, "geometry": { "type": "Point", "coordinates": [ -122.055762, 38.249538 ] } },
{ "type": "Feature", "properties": { "id": "08f2a304ab500b300393494298943b2d", "place_name": "Vera Bradley Outlet Store", "primary_category": "fashion_accessories_store", "formatted_address": "", "confidence": 0.58602150537634412, "original_geometry_wkt": "POINT (-71.50059 42.8262)" }, "geometry": { "type": "Point", "coordinates": [ -71.50059, 42.8262 ] } },
{ "type": "Feature", "properties": { "id": "08f44a9598b62085030e8a8dbdbf1fa4", "place_name": "Orange Pest Control", "primary_category": "pest_control_service", "formatted_address": "", "confidence": 0.87705559906029762, "original_geometry_wkt": "POINT (-80.7884147 28.3650288)" }, "geometry": { "type": "Point", "coordinates": [ -80.7884147, 28.3650288 ] } },
{ "type": "Feature", "properties": { "id": "08f2aacce82d6a6103845e2dbb3c7c54", "place_name": "Kinder-Haus", "primary_category": "day_care_preschool", "formatted_address": "", "confidence": 0.97939908288275956, "original_geometry_wkt": "POINT (-76.0647554 40.1031967)" }, "geometry": { "type": "Point", "coordinates": [ -76.0647554, 40.1031967 ] } },
{ "type": "Feature", "properties": { "id": "08f44e554c71e3340398cae2f4547f36", "place_name": "Keto on the Beach", "primary_category": "bakery", "formatted_address": "", "confidence": 0.35447154471544717, "original_geometry_wkt": "POINT (-85.8146 30.18684)" }, "geometry": { "type": "Point", "coordinates": [ -85.8146, 30.18684 ] } },
{ "type": "Feature", "properties": { "id": "08f44a821121399003402174c2ce6e04", "place_name": "Cumberland Farms", "primary_category": "convenience_store", "formatted_address": "", "confidence": 0.99526178906303475, "original_geometry_wkt": "POINT (-80.700681 28.0794512)" }, "geometry": { "type": "Point", "coordinates": [ -80.700681, 28.0794512 ] } },
{ "type": "Feature", "properties": { "id": "08f0c74d4e76ba1c0398ee2b81d99881", "place_name": "Riley Creek Campground", "primary_category": "campground", "formatted_address": "", "confidence": 0.97939908288275956, "original_geometry_wkt": "POINT (-148.8974886 63.730941)" }, "geometry": { "type": "Point", "coordinates": [ -148.8974886, 63.730941 ] } },
{ "type": "Feature", "properties": { "id": "08f2748042da1a5303eb5bc2848e5b4c", "place_name": "Starbucks", "primary_category": "coffee_shop", "formatted_address": "", "confidence": 0.99526178906303475, "original_geometry_wkt": "POINT (-85.2999334 42.6472063)" }, "geometry": { "type": "Point", "coordinates": [ -85.2999334, 42.6472063 ] } },
{ "type": "Feature", "properties": { "id": "08f2aa858c02575d03761a5b6e3c2964", "place_name": "Biscotti Restaurant", "primary_category": "italian_restaurant", "formatted_address": "", "confidence": 0.97939908288275956, "original_geometry_wkt": "POINT (-77.1448693 39.1450187)" }, "geometry": { "type": "Point", "coordinates": [ -77.1448693, 39.1450187 ] } },
{ "type": "Feature", "properties": { "id": "08f2aaa281466414032b6b584786986f", "place_name": "Albana's Taverna", "primary_category": "greek_restaurant", "formatted_address": "", "confidence": 0.97939908288275956, "original_geometry_wkt": "POINT (-78.0020438 38.4791931)" }, "geometry": { "type": "Point", "coordinates": [ -78.0020438, 38.4791931 ] } },
{ "type": "Feature", "properties": { "id": "08f266d488d16508035fdb9cd0f1d9e5", "place_name": "Law Office of Nick C. Thompson", "primary_category": "lawyer", "formatted_address": "", "confidence": 0.48475791990436345, "original_geometry_wkt": "POINT (-85.57432 38.23575)" }, "geometry": { "type": "Point", "coordinates": [ -85.57432, 38.23575 ] } },
{ "type": "Feature", "properties": { "id": "08f44d983279db530333f0c5bfd9ba97", "place_name": "CVS Beauty", "primary_category": "shopping", "formatted_address": "", "confidence": 0.35447154471544717, "original_geometry_wkt": "POINT (-82.5066907 35.5705523)" }, "geometry": { "type": "Point", "coordinates": [ -82.5066907, 35.5705523 ] } },
{ "type": "Feature", "properties": { "id": "08f12db39396954003349b18c417b8b9", "place_name": "Little Caesars Pizza (1521 N. Argonne Rd. Spokane Valley, WA)", "primary_category": "pizza_restaurant", "formatted_address": "", "confidence": 0.99526178906303475, "original_geometry_wkt": "POINT (-117.2832759 47.6710429)" }, "geometry": { "type": "Point", "coordinates": [ -117.2832759, 47.6710429 ] } },
{ "type": "Feature", "properties": { "id": "08f26e8596cd54a2039a344846991bbc", "place_name": "Eleganza Select Granite and Marble", "primary_category": "home_improvement_store", "formatted_address": "", "confidence": 0.77, "original_geometry_wkt": "POINT (-95.86859 36.0831306)" }, "geometry": { "type": "Point", "coordinates": [ -95.86859, 36.0831306 ] } },
{ "type": "Feature", "properties": { "id": "08f264626e598c9b0387b05d57221b4c", "place_name": "Objex Design", "primary_category": "professional_services", "formatted_address": "", "confidence": 0.92339261285909713, "original_geometry_wkt": "POINT (-90.3193877 38.6126409)" }, "geometry": { "type": "Point", "coordinates": [ -90.3193877, 38.6126409 ] } },
{ "type": "Feature", "properties": { "id": "08f2a310c538431a031dac960edb1fe4", "place_name": "Inn at Swan River", "primary_category": "hotel", "formatted_address": "", "confidence": 0.94433232169954473, "original_geometry_wkt": "POINT (-70.151882 41.6678376)" }, "geometry": { "type": "Point", "coordinates": [ -70.151882, 41.6678376 ] } },
{ "type": "Feature", "properties": { "id": "08f2a3286a8c460603917d5a10809fea", "place_name": "Circle K", "primary_category": "convenience_store", "formatted_address": "", "confidence": 0.99526178906303475, "original_geometry_wkt": "POINT (-71.7185768 42.8408244)" }, "geometry": { "type": "Point", "coordinates": [ -71.7185768, 42.8408244 ] } },
{ "type": "Feature", "properties": { "id": "08f2a9052a9508a203eea7ca4a4ecef5", "place_name": "Gehret Funeral Home", "primary_category": "funeral_services_and_cemeteries", "formatted_address": "", "confidence": 0.99526178906303475, "original_geometry_wkt": "POINT (-84.3639504 40.3507536)" }, "geometry": { "type": "Point", "coordinates": [ -84.3639504, 40.3507536 ] } },
{ "type": "Feature", "properties": { "id": "08f29a0ce549e59103ab46a432e39549", "place_name": "Hemet Radiology Medical Group", "primary_category": "pharmacy", "formatted_address": "", "confidence": 0.92798690671031092, "original_geometry_wkt": "POINT (-116.9372757 33.7478457)" }, "geometry": { "type": "Point", "coordinates": [ -116.9372757, 33.7478457 ] } },
{ "type": "Feature", "properties": { "id": "08f489c458d5bc9c0392b094d48acbb7", "place_name": "Las Fontanas Mexican Kitchen", "primary_category": "texmex_restaurant", "formatted_address": "", "confidence": 0.99538760850044894, "original_geometry_wkt": "POINT (-98.1563092 29.7128998)" }, "geometry": { "type": "Point", "coordinates": [ -98.1563092, 29.7128998 ] } },
{ "type": "Feature", "properties": { "id": "08f2a823a634215903f06acae2099f65", "place_name": "William B. Summers & Associates", "primary_category": "dui_law", "formatted_address": "", "confidence": 0.77, "original_geometry_wkt": "POINT (-81.53522 39.285837)" }, "geometry": { "type": "Point", "coordinates": [ -81.53522, 39.285837 ] } },
{ "type": "Feature", "properties": { "id": "08f26d38ce185c8e03a61ce0134d7cd2", "place_name": "Superior Tanker Wash", "primary_category": "seafood_restaurant", "formatted_address": "", "confidence": 0.97950246036085287, "original_geometry_wkt": "POINT (-102.3919536 34.8186736)" }, "geometry": { "type": "Point", "coordinates": [ -102.3919536, 34.8186736 ] } },
{ "type": "Feature", "properties": { "id": "08f44a828b67117003907983dbf5651a", "place_name": "Bremer Boys LLC", "primary_category": "construction_services", "formatted_address": "", "confidence": 0.97564890710382512, "original_geometry_wkt": "POINT (-80.6062656 28.179978)" }, "geometry": { "type": "Point", "coordinates": [ -80.6062656, 28.179978 ] } },
{ "type": "Feature", "properties": { "id": "08f2664cf3081d5b035a531ea4fa0dd1", "place_name": "MJD Auto Repair", "primary_category": "tire_shop", "formatted_address": "", "confidence": 0.77, "original_geometry_wkt": "POINT (-87.66470432723162 41.812966849164134)" }, "geometry": { "type": "Point", "coordinates": [ -87.664704327231618, 41.812966849164134 ] } },
{ "type": "Feature", "properties": { "id": "08f446c242528b4d030f74580aa12429", "place_name": "Argo Mosaic", "primary_category": "carpet_store", "formatted_address": "", "confidence": 0.20623145400593468, "original_geometry_wkt": "POINT (-95.45172 30.12694)" }, "geometry": { "type": "Point", "coordinates": [ -95.45172, 30.12694 ] } },
{ "type": "Feature", "properties": { "id": "08f27ad692142b2603c11f016f0c96bf", "place_name": "AT&T Store", "primary_category": "mobile_phone_accessories", "formatted_address": "", "confidence": 0.77, "original_geometry_wkt": "POINT (-101.2950526 48.1994123)" }, "geometry": { "type": "Point", "coordinates": [ -101.2950526, 48.1994123 ] } },
{ "type": "Feature", "properties": { "id": "08f2832b0516d8d00328df5183e622bd", "place_name": "Power Market", "primary_category": "convenience_store", "formatted_address": "", "confidence": 0.99526178906303475, "original_geometry_wkt": "POINT (-121.5507659 38.5395074)" }, "geometry": { "type": "Point", "coordinates": [ -121.5507659, 38.5395074 ] } },
{ "type": "Feature", "properties": { "id": "08f489c091100ba403f8f8348cb3297d", "place_name": "Dump-Star Rentals and More", "primary_category": "garbage_collection_service", "formatted_address": "", "confidence": 0.80493273542600896, "original_geometry_wkt": "POINT (-98.3164597 29.6173544)" }, "geometry": { "type": "Point", "coordinates": [ -98.3164597, 29.6173544 ] } },
{ "type": "Feature", "properties": { "id": "08f444b02eb5018803b9a7b920fe5198", "place_name": "Mother's Day Out Daycare Program", "primary_category": "day_care_preschool", "formatted_address": "", "confidence": 0.89412568306010931, "original_geometry_wkt": "POINT (-93.0603817 34.4615934)" }, "geometry": { "type": "Point", "coordinates": [ -93.0603817, 34.4615934 ] } },
{ "type": "Feature", "properties": { "id": "08f262d9a350240203fd164fba637938", "place_name": "143", "primary_category": "home_goods_store", "formatted_address": "", "confidence": 0.75796661608497728, "original_geometry_wkt": "POINT (-91.81909 44.10014)" }, "geometry": { "type": "Point", "coordinates": [ -91.81909, 44.10014 ] } },
{ "type": "Feature", "properties": { "id": "08f44ccd2e31672e0310e0fac96580cf", "place_name": "Courthouse Tool & Tractor Rental", "primary_category": "machine_and_tool_rentals", "formatted_address": "", "confidence": 0.77, "original_geometry_wkt": "POINT (-84.84171295 33.91357422)" }, "geometry": { "type": "Point", "coordinates": [ -84.84171295, 33.91357422 ] } },
{ "type": "Feature", "properties": { "id": "08f2830821a034dc038a111a596b5b94", "place_name": "Southern Glazer's Wine & Spirits", "primary_category": "liquor_store", "formatted_address": "", "confidence": 0.92798690671031092, "original_geometry_wkt": "POINT (-122.402261 37.740232)" }, "geometry": { "type": "Point", "coordinates": [ -122.402261, 37.740232 ] } },
{ "type": "Feature", "properties": { "id": "08f26c02b35098e1039a9526346b48ef", "place_name": "Best Western Plus Weatherford", "primary_category": "hotel", "formatted_address": "", "confidence": 0.99526178906303475, "original_geometry_wkt": "POINT (-98.7015018 35.5263756)" }, "geometry": { "type": "Point", "coordinates": [ -98.7015018, 35.5263756 ] } }
]
}
